Site_ID,adipose tissue,arteries,bone,bone marrow,brain,cartilage,gallbladder,lymph nodes,palatine tonsil,spinal nerves,stomach,urinary bladder
1,0.24,0.3,0.34,0.49,0.52,0.4,0.28,0.45,0.45,0.37,0.4,0.21
2,0.94,0.91,0.91,0.93,0.93,0.93,0.93,0.94,0.96,0.89,0.96,0.94
3,0.77,0.59,0.79,0.86,0.77,0.71,0.8,0.85,0.84,0.81,0.84,0.8
4,0.16,0.18,0.19,0.18,0.18,0.18,0.17,0.21,0.27,0.17,0.23,0.13
5,0.8,0.78,0.82,0.79,0.9,0.79,0.79,0.85,0.89,0.8,0.84,0.78
6,0.63,0.69,0.68,0.62,0.54,0.65,0.7,0.66,0.66,0.69,0.67,0.66
7,0.58,0.64,0.49,0.7,0.63,0.61,0.63,0.71,0.72,0.55,0.68,0.63
8,0.32,0.42,0.35,0.35,0.4,0.29,0.37,0.41,0.43,0.44,0.39,0.32
9,0.22,0.23,0.24,0.31,0.17,0.25,0.26,0.31,0.35,0.2,0.28,0.18
10,0,0,0,0.01,0.01,0,0.01,0.01,0.01,0.01,0.01,0.01
11,0.81,0.82,0.82,0.8,0.82,0.81,0.82,0.83,0.84,0.82,0.83,0.82
12,0.14,0.12,0.14,0.16,0.17,0.13,0.16,0.19,0.16,0.13,0.15,0.11
13,0.94,0.92,0.96,0.9,0.96,0.94,0.89,0.94,0.93,0.94,0.9,0.91
14,0.08,0.08,0.09,0.08,0.08,0.08,0.08,0.08,0.08,0.08,0.08,0.07
15,0.06,0.06,0.04,0.05,0.05,0.06,0.05,0.05,0.05,0.06,0.05,0.04
16,0.74,0.78,0.79,0.7,0.86,0.8,0.74,0.77,0.77,0.64,0.76,0.8
17,0.9,0.9,0.92,0.88,0.91,0.9,0.89,0.91,0.92,0.91,0.91,0.9
18,0.06,0.07,0.07,0.06,0.08,0.07,0.07,0.08,0.07,0.08,0.07,0.08
19,0.52,0.54,0.56,0.52,0.52,0.59,0.54,0.55,0.56,0.54,0.56,0.55
20,0.9,0.9,0.89,0.79,0.9,0.87,0.89,0.89,0.89,0.9,0.89,0.89
21,0.85,0.82,0.84,0.84,0.87,0.86,0.86,0.88,0.89,0.63,0.88,0.85
22,0.54,0.67,0.6,0.6,0.66,0.6,0.74,0.67,0.69,0.79,0.76,0.69
23,0,0,0,0,0.01,0.01,0,0,0,0,0,0.01
24,0.68,0.74,0.7,0.7,0.83,0.74,0.68,0.75,0.69,0.71,0.69,0.7
25,0.46,0.46,0.48,0.44,0.45,0.46,0.46,0.48,0.48,0.46,0.48,0.46
26,0.86,0.86,0.85,0.72,0.86,0.83,0.85,0.79,0.62,0.82,0.75,0.82
27,0.69,0.67,0.68,0.7,0.69,0.67,0.62,0.71,0.75,0.71,0.7,0.69
28,0.86,0.89,0.77,0.87,0.84,0.8,0.69,0.86,0.89,0.83,0.83,0.78
29,0.78,0.8,0.81,0.84,0.76,0.83,0.77,0.83,0.83,0.61,0.82,0.83
30,0.4,0.36,0.42,0.46,0.43,0.41,0.41,0.45,0.44,0.4,0.43,0.41
31,0.94,0.96,0.96,0.92,0.93,0.96,0.95,0.95,0.96,0.95,0.96,0.95
32,0.07,0.07,0.07,0.08,0.07,0.07,0.07,0.07,0.07,0.07,0.07,0.08
33,0.04,0.05,0.05,0.07,0.06,0.03,0.06,0.06,0.17,0.03,0.13,0.04
34,0.95,0.94,0.95,0.86,0.96,0.92,0.94,0.93,0.89,0.96,0.91,0.94
35,0,0,0,0,0,0,0,0,0,0,0,0
36,1,1,0.99,0.99,0.99,1,0.99,0.99,0.99,0.98,1,1
37,0.03,0.06,0.03,0.13,0.02,0.04,0.08,0.17,0.36,0.01,0.28,0.03
38,0.86,0.88,0.87,0.79,0.94,0.83,0.88,0.9,0.86,0.91,0.88,0.89
39,0.88,0.86,0.87,0.69,0.85,0.86,0.89,0.86,0.8,0.88,0.93,0.91
40,0.76,0.72,0.74,0.69,0.79,0.77,0.74,0.73,0.62,0.78,0.7,0.82
41,0.9,0.92,0.93,0.88,0.96,0.94,0.88,0.85,0.72,0.96,0.85,0.91
42,0.57,0.6,0.56,0.57,0.7,0.55,0.66,0.67,0.63,0.57,0.59,0.6
43,0.91,0.91,0.9,0.83,0.93,0.91,0.92,0.89,0.83,0.89,0.88,0.85
44,0.02,0.01,0.01,0.01,0.02,0.01,0.02,0.02,0.02,0.01,0.02,0.02
45,0.44,0.46,0.49,0.72,0.46,0.55,0.52,0.57,0.62,0.38,0.54,0.4
46,0.81,0.8,0.82,0.64,0.82,0.8,0.75,0.73,0.63,0.86,0.69,0.84
47,0.01,0,0,0,0,0,0,0,0,0,0,0
48,0.75,0.77,0.77,0.7,0.82,0.75,0.75,0.77,0.74,0.78,0.73,0.77
49,0.8,0.82,0.81,0.66,0.83,0.79,0.82,0.81,0.82,0.83,0.82,0.83
50,0.28,0.24,0.28,0.42,0.28,0.3,0.29,0.32,0.29,0.28,0.28,0.19
51,0.06,0.06,0.06,0.06,0.06,0.06,0.06,0.06,0.07,0.07,0.06,0.06
52,0.04,0.03,0.03,0.04,0.03,0.04,0.03,0.04,0.04,0.04,0.04,0.03
53,0.6,0.62,0.55,0.77,0.5,0.55,0.65,0.69,0.66,0.49,0.64,0.58
54,0.8,0.84,0.84,0.74,0.89,0.81,0.82,0.84,0.8,0.86,0.82,0.86
55,0.06,0.07,0.06,0.08,0.07,0.07,0.08,0.1,0.17,0.06,0.13,0.07
56,0.96,0.96,0.97,0.92,0.98,0.97,0.98,0.96,0.97,0.93,0.96,0.96
57,0.06,0.04,0.05,0.04,0.05,0.05,0.04,0.05,0.04,0.04,0.04,0.05
58,0.9,0.89,0.89,0.84,0.9,0.89,0.89,0.9,0.9,0.89,0.89,0.89
59,0.89,0.81,0.85,0.84,0.87,0.86,0.89,0.89,0.89,0.88,0.9,0.88
60,0.64,0.72,0.6,0.8,0.79,0.7,0.72,0.76,0.74,0.74,0.77,0.78
61,0.88,0.9,0.88,0.86,0.88,0.88,0.9,0.94,0.9,0.94,0.87,0.9
62,0.77,0.79,0.66,0.83,0.9,0.68,0.86,0.85,0.86,0.78,0.87,0.78
63,0.04,0.05,0.05,0.06,0.05,0.05,0.05,0.05,0.05,0.04,0.05,0.05
64,0,0,0,0,0.01,0,0,0.01,0.06,0,0.04,0
65,0.98,0.77,0.94,0.94,0.98,0.85,0.96,0.96,0.91,0.57,0.96,0.99
66,0.82,0.86,0.82,0.82,0.89,0.83,0.82,0.86,0.88,0.81,0.86,0.73
67,0.87,0.9,0.89,0.83,0.91,0.88,0.88,0.92,0.91,0.87,0.9,0.9
68,0.92,0.93,0.92,0.85,0.94,0.91,0.93,0.92,0.9,0.93,0.91,0.92
69,0.11,0.14,0.13,0.16,0.11,0.13,0.15,0.19,0.31,0.11,0.25,0.11
70,0.3,0.28,0.35,0.26,0.43,0.26,0.36,0.37,0.43,0.43,0.42,0.46
71,0.05,0.06,0.06,0.05,0.07,0.08,0.04,0.06,0.05,0.05,0.06,0.05
72,0.88,0.91,0.92,0.89,0.93,0.92,0.89,0.94,0.93,0.92,0.94,0.93
73,0.08,0.08,0.08,0.07,0.13,0.07,0.09,0.08,0.07,0.12,0.08,0.09
74,0.06,0.06,0.04,0.06,0.06,0.08,0.06,0.06,0.06,0.05,0.05,0.04
75,0.74,0.74,0.56,0.77,0.64,0.7,0.76,0.79,0.79,0.61,0.77,0.74
76,0.84,0.96,0.89,0.9,0.81,0.93,0.92,0.94,0.97,0.91,0.96,0.95
77,0,0,0,0,0,0,0,0,0,0,0,0
78,0.25,0.32,0.25,0.2,0.27,0.19,0.25,0.27,0.24,0.2,0.28,0.21
79,0.03,0.04,0.02,0.09,0.02,0.03,0.05,0.09,0.31,0.02,0.24,0.02
80,0.17,0.16,0.12,0.16,0.3,0.11,0.22,0.22,0.3,0.26,0.3,0.22
81,0.37,0.58,0.49,0.56,0.58,0.5,0.5,0.55,0.54,0.48,0.53,0.55
82,0.88,0.89,0.89,0.82,0.91,0.86,0.87,0.88,0.82,0.89,0.86,0.88
83,0.81,0.81,0.82,0.8,0.9,0.85,0.8,0.84,0.74,0.89,0.78,0.79
84,0.48,0.41,0.44,0.54,0.41,0.45,0.47,0.52,0.62,0.39,0.49,0.37
85,0.41,0.4,0.38,0.66,0.49,0.42,0.44,0.52,0.63,0.32,0.54,0.45
86,0.94,0.94,0.95,0.9,0.93,0.94,0.93,0.95,0.92,0.95,0.94,0.94
87,0.04,0.04,0.04,0.04,0.04,0.04,0.04,0.04,0.04,0.04,0.04,0.04
88,0.44,0.48,0.43,0.42,0.48,0.47,0.47,0.49,0.48,0.5,0.47,0.52
89,0.8,0.79,0.82,0.67,0.84,0.78,0.73,0.75,0.65,0.76,0.72,0.77
90,0.3,0.3,0.25,0.36,0.34,0.29,0.28,0.32,0.19,0.32,0.24,0.23
91,0.84,0.85,0.81,0.73,0.92,0.83,0.84,0.89,0.84,0.91,0.85,0.85
92,0.84,0.85,0.85,0.76,0.89,0.82,0.85,0.86,0.85,0.86,0.85,0.85
93,0.04,0.06,0.04,0.09,0.07,0.05,0.07,0.09,0.2,0.05,0.16,0.06
94,0.1,0.11,0.1,0.1,0.11,0.1,0.11,0.11,0.12,0.11,0.11,0.1
95,0.38,0.7,0.45,0.66,0.7,0.38,0.66,0.56,0.54,0.65,0.58,0.78
96,0.95,0.95,0.95,0.94,0.95,0.95,0.94,0.95,0.95,0.95,0.95,0.95
97,0.05,0.05,0.05,0.05,0.32,0.05,0.05,0.06,0.06,0.05,0.05,0.06
98,0.34,0.34,0.33,0.21,0.32,0.18,0.33,0.36,0.26,0.36,0.33,0.36
99,0.04,0.08,0.07,0.08,0.06,0.08,0.07,0.1,0.15,0.05,0.1,0.08
100,0.58,0.64,0.63,0.62,0.83,0.55,0.54,0.69,0.76,0.57,0.65,0.43
101,0.45,0.46,0.37,0.44,0.48,0.41,0.56,0.57,0.49,0.57,0.53,0.48
102,0.49,0.48,0.5,0.52,0.48,0.52,0.5,0.53,0.56,0.48,0.54,0.49
103,0.86,0.87,0.87,0.85,0.86,0.84,0.87,0.89,0.87,0.89,0.88,0.86
104,0.1,0.09,0.1,0.1,0.13,0.1,0.1,0.11,0.09,0.1,0.1,0.1
105,0.78,0.78,0.77,0.72,0.8,0.78,0.79,0.79,0.77,0.79,0.78,0.81
106,0.85,0.8,0.84,0.85,0.76,0.84,0.83,0.87,0.86,0.8,0.88,0.8
107,0.16,0.19,0.17,0.21,0.12,0.19,0.19,0.2,0.18,0.16,0.19,0.18
108,0.38,0.5,0.55,0.26,0.5,0.5,0.43,0.39,0.36,0.3,0.45,0.56
109,0.66,0.8,0.67,0.78,0.5,0.79,0.8,0.78,0.85,0.66,0.84,0.82
110,0.9,0.9,0.91,0.9,0.92,0.91,0.9,0.91,0.92,0.91,0.92,0.89
111,0.69,0.79,0.71,0.7,0.79,0.76,0.73,0.76,0.77,0.66,0.77,0.75
112,0.4,0.3,0.29,0.7,0.47,0.36,0.43,0.58,0.64,0.38,0.53,0.39
113,0.23,0.35,0.29,0.15,0.37,0.4,0.47,0.25,0.27,0.36,0.46,0.7
114,0.81,0.78,0.83,0.73,0.91,0.77,0.58,0.83,0.72,0.7,0.56,0.49
115,0.9,0.9,0.9,0.84,0.89,0.9,0.9,0.9,0.92,0.92,0.91,0.91
116,0.8,0.81,0.9,0.88,0.95,0.85,0.9,0.91,0.88,0.9,0.91,0.93
117,0.64,0.67,0.51,0.74,0.77,0.62,0.54,0.7,0.71,0.65,0.71,0.62
118,0.66,0.69,0.63,0.77,0.85,0.64,0.64,0.77,0.75,0.6,0.73,0.6
119,0.08,0.11,0.08,0.05,0.11,0.1,0.18,0.1,0.07,0.15,0.08,0.11
120,0.86,0.92,0.86,0.8,0.94,0.9,0.88,0.9,0.81,0.94,0.87,0.92
121,0.91,0.97,0.72,0.96,0.91,0.97,0.96,0.97,0.99,0.98,0.99,0.98
122,0.07,0.08,0.07,0.08,0.07,0.07,0.06,0.08,0.08,0.08,0.08,0.07
123,0.65,0.64,0.67,0.78,0.68,0.68,0.68,0.73,0.79,0.66,0.71,0.65
124,0.93,0.95,0.92,0.93,0.97,0.96,0.94,0.95,0.96,0.95,0.94,0.95
125,0.7,0.7,0.62,0.6,0.47,0.6,0.74,0.76,0.76,0.53,0.76,0.65
126,0.01,0.01,0.02,0.01,0.02,0.01,0.01,0.01,0.01,0.01,0.02,0.01
127,0.11,0.12,0.12,0.13,0.15,0.12,0.12,0.15,0.17,0.11,0.14,0.16
128,0.8,0.8,0.78,0.76,0.81,0.81,0.77,0.81,0.82,0.81,0.81,0.79
129,0.9,0.87,0.89,0.82,0.89,0.89,0.86,0.88,0.89,0.89,0.87,0.89
130,0.36,0.34,0.37,0.7,0.71,0.41,0.51,0.52,0.62,0.29,0.61,0.44
131,0.91,0.9,0.91,0.88,0.91,0.9,0.88,0.89,0.88,0.9,0.91,0.9
132,0.67,0.68,0.67,0.64,0.68,0.72,0.67,0.76,0.74,0.71,0.74,0.74
133,0.94,0.91,0.87,0.86,0.96,0.88,0.91,0.93,0.89,0.93,0.92,0.9
134,0.3,0.26,0.25,0.27,0.25,0.25,0.29,0.29,0.3,0.23,0.3,0.24
135,0,0,0,0,0,0,0,0,0,0,0,0
136,0.66,0.66,0.65,0.66,0.63,0.66,0.66,0.7,0.72,0.65,0.68,0.65
137,0.74,0.76,0.73,0.77,0.77,0.77,0.75,0.74,0.74,0.69,0.76,0.77
138,0.6,0.76,0.49,0.73,0.69,0.56,0.67,0.73,0.58,0.59,0.74,0.64
139,0.01,0.01,0.02,0.01,0.01,0.01,0.01,0.01,0.01,0.01,0.02,0.02
141,0.68,0.82,0.69,0.64,0.73,0.51,0.77,0.77,0.84,0.65,0.82,0.87
142,0.9,0.9,0.9,0.84,0.92,0.86,0.87,0.9,0.86,0.93,0.89,0.89
143,0.76,0.64,0.86,0.96,0.99,0.83,0.64,0.9,0.89,0.81,0.7,0.32
144,0.9,0.92,0.93,0.9,0.9,0.95,0.91,0.94,0.93,0.95,0.81,0.89
145,0.61,0.48,0.61,0.28,0.54,0.6,0.29,0.35,0.3,0.49,0.31,0.28
146,0.7,0.79,0.75,0.65,0.79,0.63,0.73,0.69,0.67,0.8,0.68,0.8
147,0.8,0.76,0.77,0.82,0.88,0.82,0.81,0.88,0.83,0.84,0.85,0.74
148,0.12,0.11,0.11,0.11,0.11,0.13,0.12,0.13,0.13,0.12,0.12,0.11
149,0.19,0.22,0.2,0.26,0.16,0.19,0.25,0.29,0.4,0.19,0.31,0.18
150,0.86,0.84,0.85,0.79,0.89,0.89,0.86,0.83,0.74,0.9,0.8,0.9
151,0.07,0.07,0.08,0.07,0.07,0.07,0.07,0.07,0.07,0.07,0.08,0.07
152,0.91,0.85,0.82,0.9,0.95,0.88,0.89,0.92,0.85,0.84,0.87,0.82
153,0.11,0.09,0.1,0.09,0.12,0.1,0.1,0.1,0.14,0.1,0.13,0.1
154,0.42,0.44,0.45,0.6,0.57,0.47,0.43,0.5,0.44,0.43,0.43,0.43
155,0.05,0.05,0.05,0.05,0.05,0.05,0.04,0.04,0.05,0.06,0.04,0.04
156,0.66,0.56,0.71,0.86,0.92,0.62,0.64,0.76,0.84,0.78,0.77,0.5
157,0.78,0.66,0.63,0.81,0.78,0.72,0.57,0.79,0.84,0.68,0.79,0.48
158,0.72,0.82,0.71,0.72,0.78,0.74,0.8,0.71,0.78,0.8,0.75,0.8
159,0.54,0.56,0.5,0.64,0.7,0.59,0.64,0.68,0.66,0.58,0.62,0.62
160,0.08,0.07,0.07,0.06,0.07,0.08,0.07,0.07,0.07,0.08,0.06,0.06
161,0.01,0.03,0.03,0.03,0.02,0.04,0.03,0.04,0.03,0.03,0.04,0.02
162,0.08,0.09,0.08,0.08,0.07,0.07,0.09,0.09,0.12,0.07,0.11,0.08
163,0.96,0.95,0.97,0.91,0.98,0.97,0.97,0.97,0.98,0.97,0.97,0.97
164,0.9,0.9,0.9,0.85,0.86,0.9,0.9,0.92,0.9,0.89,0.89,0.89
165,0.49,0.29,0.43,0.4,0.52,0.45,0.41,0.45,0.32,0.48,0.37,0.46
166,0.38,0.38,0.4,0.36,0.38,0.39,0.4,0.37,0.4,0.37,0.42,0.4
167,0.49,0.48,0.54,0.7,0.46,0.54,0.63,0.64,0.59,0.35,0.52,0.44
168,0.09,0.08,0.08,0.08,0.08,0.09,0.08,0.09,0.09,0.08,0.08,0.07
169,0.88,0.9,0.87,0.78,0.92,0.87,0.89,0.91,0.87,0.93,0.88,0.88
170,0.06,0.05,0.05,0.06,0.05,0.06,0.06,0.05,0.06,0.06,0.06,0.05
171,0.01,0.01,0.01,0.01,0.01,0.01,0.01,0.01,0.01,0.01,0,0.01
172,1,1,1,1,1,1,1,1,1,1,1,1
173,0.92,0.92,0.91,0.86,0.93,0.91,0.9,0.95,0.89,0.92,0.93,0.91
174,0.35,0.33,0.35,0.44,0.29,0.33,0.37,0.42,0.45,0.37,0.36,0.23
175,0.66,0.84,0.8,0.82,0.91,0.8,0.81,0.83,0.8,0.83,0.84,0.8
176,0.88,0.88,0.83,0.86,0.85,0.88,0.86,0.9,0.89,0.9,0.88,0.88
177,0.85,0.83,0.86,0.72,0.88,0.82,0.84,0.85,0.85,0.88,0.86,0.85
178,0.11,0.12,0.11,0.14,0.12,0.12,0.14,0.16,0.24,0.11,0.21,0.1
179,0.73,0.62,0.72,0.79,0.8,0.76,0.8,0.8,0.78,0.62,0.78,0.77
180,0.66,0.7,0.69,0.74,0.78,0.74,0.72,0.72,0.66,0.71,0.75,0.75
181,0.65,0.66,0.67,0.68,0.64,0.65,0.66,0.63,0.65,0.68,0.68,0.63
182,0,0,0,0,0,0.01,0,0,0,0,0,0
183,0.04,0.03,0.03,0.03,0.03,0.03,0.03,0.04,0.03,0.03,0.03,0.03
184,0.89,0.91,0.84,0.84,0.92,0.92,0.88,0.83,0.63,0.93,0.77,0.94
185,0.03,0.02,0.01,0.02,0.02,0.06,0.03,0.02,0.02,0.02,0.01,0.02
186,0.08,0.1,0.08,0.11,0.11,0.09,0.11,0.14,0.22,0.08,0.17,0.09
187,0.14,0.14,0.13,0.16,0.12,0.14,0.16,0.18,0.26,0.12,0.22,0.13
188,0.06,0.06,0.06,0.06,0.08,0.06,0.05,0.06,0.06,0.06,0.06,0.05
189,0.93,0.95,0.95,0.92,0.93,0.96,0.95,0.96,0.95,0.96,0.95,0.94
190,0.1,0.09,0.09,0.09,0.09,0.11,0.09,0.1,0.1,0.1,0.09,0.09
191,0.34,0.27,0.29,0.26,0.28,0.31,0.3,0.35,0.34,0.39,0.31,0.2
192,0.92,0.94,0.93,0.92,0.94,0.91,0.94,0.95,0.97,0.93,0.98,0.96
193,0.06,0.07,0.06,0.08,0.25,0.06,0.09,0.09,0.11,0.05,0.1,0.04
194,0.91,0.92,0.91,0.9,0.9,0.91,0.91,0.91,0.93,0.93,0.93,0.91
195,0.68,0.87,0.8,0.81,0.82,0.77,0.82,0.81,0.88,0.87,0.88,0.85
196,0.66,0.68,0.5,0.86,0.43,0.56,0.74,0.79,0.72,0.54,0.74,0.65
197,0.78,0.85,0.76,0.91,0.88,0.88,0.82,0.87,0.9,0.74,0.9,0.75
198,0.8,0.87,0.77,0.84,0.91,0.81,0.88,0.85,0.81,0.88,0.86,0.86
199,0.74,0.72,0.59,0.42,0.86,0.75,0.72,0.6,0.35,0.76,0.62,0.62
200,0.12,0.2,0.15,0.32,0.06,0.14,0.22,0.23,0.45,0.08,0.37,0.13
201,0.48,0.54,0.42,0.58,0.34,0.49,0.46,0.59,0.7,0.42,0.55,0.39
202,0.72,0.73,0.7,0.55,0.72,0.67,0.63,0.67,0.58,0.79,0.69,0.77
203,0.75,0.76,0.82,0.76,0.91,0.8,0.81,0.78,0.7,0.79,0.79,0.83
204,0.08,0.08,0.08,0.08,0.09,0.09,0.08,0.08,0.08,0.09,0.08,0.07
205,0.9,0.91,0.89,0.86,0.9,0.89,0.88,0.9,0.9,0.9,0.91,0.9
206,0.98,0.99,1,0.98,0.99,1,0.99,1,0.99,0.99,1,0.99
207,0.91,0.86,0.9,0.87,0.93,0.9,0.88,0.92,0.91,0.92,0.91,0.92
208,0.94,0.94,0.93,0.86,0.95,0.92,0.93,0.94,0.94,0.94,0.94,0.94
209,0.03,0.03,0.02,0.03,0.03,0.04,0.03,0.04,0.03,0.03,0.03,0.03
210,0,0,0,0,0,0,0,0,0,0,0,0
212,0.81,0.84,0.72,0.8,0.55,0.82,0.82,0.84,0.82,0.62,0.84,0.85
213,0.97,0.98,0.95,0.95,0.98,0.99,0.98,0.96,0.92,0.97,0.9,0.97
214,0.48,0.48,0.48,0.55,0.56,0.46,0.61,0.56,0.55,0.48,0.56,0.48
215,0.68,0.6,0.63,0.55,0.68,0.56,0.63,0.64,0.64,0.64,0.61,0.56
216,0.88,0.91,0.89,0.68,0.92,0.89,0.89,0.89,0.83,0.94,0.9,0.92
217,0.1,0.1,0.1,0.1,0.09,0.1,0.1,0.1,0.09,0.1,0.1,0.1
218,0.7,0.71,0.61,0.33,0.66,0.63,0.64,0.62,0.55,0.72,0.67,0.62
219,0.07,0.06,0.06,0.06,0.06,0.06,0.07,0.06,0.05,0.06,0.06,0.07
220,0.1,0.1,0.08,0.11,0.1,0.09,0.1,0.11,0.25,0.08,0.19,0.09
221,0.8,0.7,0.77,0.7,0.82,0.76,0.76,0.76,0.7,0.76,0.71,0.77
222,0.48,0.59,0.62,0.58,0.83,0.62,0.51,0.54,0.51,0.77,0.52,0.33
223,0.84,0.66,0.82,0.8,0.87,0.86,0.61,0.86,0.79,0.87,0.73,0.8
224,0.01,0.01,0,0.01,0.01,0.02,0.01,0.01,0.02,0.01,0,0.01
225,0.06,0.05,0.06,0.05,0.05,0.06,0.05,0.06,0.05,0.06,0.05,0.05
226,0.03,0.03,0.04,0.03,0.03,0.03,0.03,0.03,0.03,0.04,0.02,0.02
227,0.76,0.76,0.76,0.72,0.78,0.77,0.67,0.81,0.78,0.78,0.78,0.74
228,0.92,0.86,0.87,0.84,0.76,0.85,0.92,0.94,0.92,0.9,0.93,0.9
229,0.7,0.78,0.66,0.76,0.81,0.73,0.65,0.75,0.74,0.83,0.78,0.63
230,0.86,0.85,0.8,0.69,0.94,0.8,0.79,0.79,0.66,0.87,0.73,0.87
231,0.69,0.68,0.8,0.8,0.93,0.75,0.75,0.86,0.84,0.69,0.81,0.69
232,0.79,0.79,0.78,0.75,0.76,0.78,0.78,0.79,0.8,0.8,0.8,0.78
233,0.76,0.85,0.84,0.81,0.84,0.74,0.83,0.84,0.82,0.84,0.84,0.84
234,0.58,0.48,0.47,0.72,0.81,0.63,0.67,0.65,0.76,0.71,0.71,0.48
235,0,0,0,0,0,0,0,0,0.01,0,0,0
236,0.94,0.84,0.97,0.85,0.96,0.93,0.9,0.93,0.84,0.94,0.82,0.83
237,0.76,0.8,0.73,0.76,0.84,0.76,0.79,0.8,0.74,0.78,0.81,0.82
238,0.79,0.77,0.58,0.74,0.45,0.79,0.81,0.8,0.77,0.53,0.79,0.73
239,0.03,0.01,0.01,0.02,0.03,0.01,0.01,0.01,0.01,0.01,0.02,0.01
240,0.06,0.06,0.06,0.06,0.06,0.04,0.05,0.05,0.06,0.06,0.05,0.05
241,0.78,0.44,0.68,0.46,0.74,0.65,0.65,0.72,0.66,0.74,0.66,0.7
242,0.84,0.85,0.85,0.81,0.84,0.86,0.85,0.86,0.86,0.84,0.85,0.83
243,0.12,0.12,0.11,0.11,0.12,0.15,0.11,0.12,0.12,0.12,0.12,0.11
244,0.86,0.85,0.88,0.84,0.85,0.85,0.85,0.86,0.84,0.9,0.87,0.85
245,0.08,0.06,0.05,0.06,0.05,0.06,0.06,0.06,0.05,0.06,0.07,0.06
246,0.2,0.19,0.31,0.26,0.45,0.19,0.27,0.28,0.36,0.16,0.26,0.19
247,0.19,0.17,0.18,0.34,0.24,0.21,0.22,0.27,0.27,0.14,0.24,0.15
248,0.06,0.06,0.06,0.06,0.06,0.07,0.06,0.07,0.07,0.07,0.06,0.06
249,0.95,0.95,0.98,0.89,0.97,0.97,0.9,0.79,0.57,0.97,0.86,0.96
250,0.22,0.21,0.19,0.24,0.2,0.26,0.21,0.25,0.28,0.19,0.27,0.21
251,0.79,0.81,0.82,0.85,0.84,0.82,0.83,0.83,0.87,0.82,0.87,0.83
252,0.24,0.15,0.28,0.4,0.7,0.29,0.25,0.19,0.3,0.24,0.34,0.3
253,0.88,0.89,0.91,0.83,0.88,0.87,0.89,0.89,0.88,0.89,0.89,0.89
254,0.4,0.28,0.34,0.65,0.52,0.43,0.41,0.51,0.47,0.32,0.39,0.22
255,0.53,0.57,0.67,0.43,0.53,0.57,0.46,0.57,0.52,0.62,0.49,0.47
256,0.01,0.02,0.01,0.01,0.02,0.02,0.03,0.03,0.03,0.03,0.01,0.02
257,0.56,0.67,0.69,0.46,0.78,0.58,0.58,0.52,0.57,0.5,0.58,0.56
258,0.08,0.08,0.08,0.07,0.06,0.07,0.07,0.08,0.08,0.08,0.08,0.07
259,0.04,0.05,0.05,0.06,0.04,0.04,0.05,0.05,0.06,0.04,0.05,0.05
261,0.24,0.16,0.18,0.19,0.13,0.17,0.2,0.23,0.25,0.15,0.2,0.14
262,0.16,0.1,0.11,0.1,0.11,0.09,0.14,0.15,0.24,0.34,0.14,0.15
263,0.85,0.52,0.83,0.72,0.81,0.86,0.76,0.81,0.72,0.86,0.69,0.71
264,0.01,0.01,0.01,0.01,0.01,0.01,0,0,0,0,0,0.01
265,0.08,0.08,0.09,0.08,0.08,0.08,0.08,0.09,0.09,0.08,0.09,0.08
266,0.06,0.07,0.05,0.09,0.05,0.06,0.08,0.11,0.26,0.05,0.22,0.05
267,0.8,0.81,0.8,0.8,0.82,0.8,0.8,0.82,0.82,0.8,0.8,0.79
268,0.9,0.9,0.89,0.91,0.91,0.93,0.89,0.92,0.92,0.9,0.92,0.92
269,0.94,0.94,0.93,0.9,0.94,0.93,0.95,0.94,0.95,0.95,0.95,0.94
270,0.24,0.35,0.29,0.21,0.22,0.37,0.2,0.29,0.35,0.39,0.28,0.25
271,0.56,0.58,0.55,0.55,0.62,0.57,0.55,0.55,0.49,0.61,0.54,0.53
272,0.89,0.89,0.91,0.88,0.89,0.89,0.89,0.9,0.93,0.87,0.91,0.88
273,0.11,0.1,0.11,0.11,0.12,0.11,0.11,0.12,0.11,0.11,0.1,0.1
274,0.8,0.81,0.84,0.81,0.93,0.87,0.86,0.87,0.88,0.83,0.89,0.9
275,0.57,0.52,0.79,0.92,0.48,0.64,0.51,0.65,0.64,0.78,0.59,0.32
276,0.93,0.94,0.94,0.88,0.96,0.92,0.96,0.95,0.95,0.91,0.95,0.95
277,0.06,0.08,0.06,0.06,0.1,0.05,0.25,0.12,0.13,0.08,0.12,0.06
278,0.88,0.9,0.88,0.8,0.82,0.87,0.87,0.89,0.77,0.89,0.88,0.88
279,0.73,0.68,0.78,0.64,0.72,0.73,0.74,0.76,0.74,0.54,0.75,0.8
280,0.22,0.34,0.29,0.26,0.42,0.26,0.22,0.27,0.17,0.41,0.23,0.31
281,0.6,0.66,0.5,0.4,0.57,0.6,0.58,0.64,0.5,0.7,0.6,0.59
282,0.04,0.04,0.06,0.03,0.08,0.03,0.03,0.03,0.02,0.04,0.02,0.03
283,0.1,0.09,0.1,0.08,0.09,0.11,0.09,0.1,0.09,0.09,0.08,0.09
284,0.98,0.98,0.99,0.96,0.98,0.98,0.98,0.97,0.95,0.97,0.97,1
285,0.04,0.06,0.06,0.04,0.05,0.05,0.05,0.05,0.04,0.04,0.05,0.04
286,0.92,0.95,0.86,0.82,0.97,0.94,0.93,0.95,0.89,0.91,0.92,0.93
287,0.79,0.8,0.79,0.74,0.8,0.8,0.75,0.79,0.62,0.83,0.68,0.75
288,0.06,0.06,0.06,0.05,0.06,0.06,0.05,0.06,0.05,0.05,0.06,0.05
289,0,0,0,0,0.01,0,0,0,0,0,0,0
290,0.23,0.45,0.27,0.36,0.31,0.39,0.4,0.41,0.39,0.27,0.41,0.34
291,0.72,0.75,0.7,0.73,0.75,0.73,0.75,0.8,0.76,0.77,0.76,0.74
292,0.88,0.88,0.87,0.82,0.87,0.88,0.86,0.88,0.89,0.88,0.87,0.87
293,0.32,0.35,0.34,0.58,0.34,0.39,0.41,0.46,0.45,0.28,0.41,0.28
294,0.06,0.06,0.06,0.05,0.07,0.05,0.06,0.07,0.07,0.06,0.06,0.06
296,0.03,0.02,0.03,0.03,0.02,0.03,0.04,0.02,0.09,0.01,0.04,0.02
297,0.11,0.11,0.1,0.11,0.11,0.12,0.11,0.12,0.12,0.11,0.12,0.1
298,0.06,0.11,0.09,0.21,0.03,0.12,0.14,0.22,0.42,0.03,0.37,0.06
299,0.96,0.95,0.95,0.84,0.94,0.93,0.95,0.97,0.94,0.97,0.96,0.96
300,0.66,0.73,0.69,0.56,0.76,0.68,0.66,0.63,0.49,0.81,0.56,0.77
301,0.56,0.4,0.48,0.47,0.57,0.56,0.57,0.59,0.5,0.66,0.55,0.6
302,0.36,0.36,0.44,0.19,0.45,0.34,0.4,0.31,0.38,0.42,0.37,0.35
303,0.66,0.78,0.58,0.78,0.62,0.77,0.7,0.83,0.69,0.55,0.67,0.47
304,0.04,0.05,0.06,0.11,0.03,0.07,0.06,0.05,0.05,0.03,0.05,0.05
305,0.03,0.02,0.02,0.02,0.02,0.01,0.02,0.02,0.02,0.02,0.02,0.01
306,0.08,0.08,0.08,0.08,0.08,0.08,0.08,0.09,0.09,0.08,0.09,0.08
307,0.92,0.92,0.92,0.87,0.92,0.92,0.91,0.92,0.91,0.9,0.93,0.91
308,0.91,0.92,0.93,0.92,0.95,0.94,0.93,0.94,0.93,0.92,0.94,0.92
309,0,0,0,0,0,0.01,0,0,0.01,0,0.02,0
310,0.9,0.89,0.89,0.82,0.92,0.88,0.91,0.91,0.91,0.9,0.9,0.89
311,0.8,0.84,0.82,0.78,0.82,0.8,0.82,0.85,0.74,0.83,0.81,0.82
312,0.95,0.95,0.94,0.9,0.94,0.93,0.95,0.95,0.95,0.96,0.94,0.95
313,0.86,0.87,0.85,0.77,0.92,0.87,0.88,0.87,0.79,0.92,0.83,0.91
314,0.92,0.93,0.93,0.82,0.98,0.94,0.91,0.84,0.66,0.96,0.82,0.94
315,0.9,0.9,0.88,0.75,0.92,0.87,0.87,0.87,0.79,0.9,0.84,0.91
316,0.84,0.82,0.85,0.84,0.89,0.89,0.85,0.87,0.83,0.88,0.87,0.87
317,0.1,0.08,0.09,0.09,0.07,0.09,0.1,0.1,0.09,0.09,0.09,0.08
318,0,0,0,0.01,0.01,0.01,0,0,0.01,0,0.01,0
319,0.17,0.17,0.17,0.16,0.18,0.15,0.17,0.16,0.17,0.18,0.16,0.18
320,0.1,0.14,0.11,0.18,0.21,0.1,0.16,0.17,0.2,0.12,0.16,0.09
321,0.01,0.03,0.02,0.04,0.24,0.02,0.02,0.04,0.16,0.01,0.12,0.01
322,0,0,0,0,0,0.01,0,0.01,0.01,0,0,0.01
323,0.62,0.62,0.61,0.61,0.66,0.63,0.61,0.62,0.59,0.61,0.61,0.64
324,0.99,0.99,0.99,0.97,0.97,0.99,0.98,0.97,0.99,0.99,0.99,0.98
325,0.89,0.88,0.86,0.78,0.93,0.86,0.87,0.84,0.8,0.87,0.85,0.88
326,0.08,0.17,0.1,0.04,0.48,0.05,0.06,0.1,0.11,0.08,0.05,0.12
327,0.62,0.67,0.64,0.72,0.65,0.7,0.63,0.72,0.65,0.61,0.68,0.7
328,0.93,0.92,0.93,0.9,0.92,0.92,0.92,0.92,0.93,0.94,0.92,0.92
329,0.76,0.62,0.75,0.83,0.9,0.74,0.82,0.84,0.74,0.83,0.84,0.85
330,0.92,0.92,0.91,0.83,0.94,0.92,0.92,0.93,0.91,0.93,0.93,0.92
331,0.76,0.92,0.68,0.78,0.91,0.64,0.93,0.9,0.86,0.91,0.9,0.91
332,0.99,0.99,0.99,0.96,0.99,0.98,0.99,0.99,0.99,0.99,0.99,0.99
333,0.04,0.04,0.05,0.04,0.06,0.05,0.05,0.05,0.04,0.05,0.05,0.05
334,0.54,0.57,0.51,0.69,0.45,0.61,0.62,0.68,0.66,0.49,0.68,0.52
335,0.02,0.01,0.01,0.01,0.05,0.02,0.03,0.01,0.02,0.02,0.02,0.03
336,0.42,0.4,0.4,0.5,0.39,0.41,0.44,0.5,0.59,0.38,0.49,0.37
338,0.68,0.69,0.71,0.74,0.71,0.7,0.7,0.7,0.7,0.7,0.72,0.68
339,0.34,0.38,0.37,0.32,0.45,0.36,0.37,0.42,0.37,0.41,0.38,0.39
340,0.85,0.86,0.93,0.94,0.91,0.98,0.9,0.88,0.96,0.9,0.86,0.91
341,0.66,0.63,0.66,0.64,0.74,0.67,0.67,0.67,0.58,0.67,0.65,0.69
342,0.04,0.04,0.04,0.05,0.05,0.06,0.05,0.05,0.05,0.04,0.05,0.05
343,0.06,0.09,0.06,0.06,0.06,0.06,0.05,0.06,0.06,0.07,0.06,0.06
344,0.17,0.19,0.19,0.18,0.21,0.21,0.18,0.2,0.25,0.18,0.22,0.19
345,0.91,0.92,0.91,0.9,0.94,0.91,0.9,0.93,0.93,0.92,0.92,0.91
346,0.64,0.67,0.67,0.57,0.65,0.67,0.61,0.6,0.49,0.53,0.58,0.72
347,0.78,0.8,0.79,0.52,0.84,0.74,0.73,0.73,0.67,0.82,0.74,0.85
348,0.9,0.93,0.92,0.84,0.95,0.92,0.91,0.92,0.87,0.92,0.9,0.92
349,0.84,0.87,0.71,0.9,0.95,0.85,0.94,0.9,0.94,0.84,0.89,0.63
350,0.7,0.71,0.57,0.45,0.73,0.65,0.71,0.65,0.54,0.73,0.68,0.7
351,0.57,0.52,0.53,0.58,0.52,0.62,0.57,0.59,0.53,0.48,0.49,0.42
352,0.9,0.9,0.91,0.92,0.9,0.91,0.9,0.92,0.91,0.92,0.92,0.91
353,0.81,0.8,0.81,0.69,0.82,0.78,0.8,0.8,0.79,0.81,0.79,0.81
354,0.87,0.86,0.89,0.87,0.76,0.9,0.88,0.89,0.89,0.8,0.88,0.86
355,0.72,0.74,0.71,0.65,0.73,0.68,0.69,0.76,0.75,0.77,0.74,0.75
356,0.07,0.07,0.07,0.08,0.07,0.07,0.07,0.07,0.07,0.07,0.07,0.07
357,0.58,0.62,0.56,0.63,0.58,0.61,0.56,0.65,0.53,0.58,0.59,0.52
358,0.73,0.76,0.89,0.92,0.94,0.81,0.84,0.94,0.95,0.87,0.76,0.77
359,0.04,0.03,0.03,0.03,0.06,0.02,0.03,0.03,0.03,0.06,0.02,0.04
360,0.2,0.26,0.27,0.27,0.48,0.21,0.34,0.27,0.3,0.24,0.35,0.3
361,0.86,0.89,0.88,0.8,0.96,0.89,0.87,0.92,0.9,0.89,0.89,0.89
362,0.78,0.75,0.76,0.78,0.76,0.76,0.78,0.82,0.78,0.79,0.79,0.75
363,0,0,0,0,0,0,0,0,0,0,0,0
364,0,0,0,0,0,0,0,0,0,0.01,0.01,0
365,0.67,0.6,0.81,0.44,0.7,0.73,0.42,0.56,0.51,0.74,0.44,0.6
366,0.12,0.12,0.11,0.1,0.08,0.1,0.12,0.13,0.12,0.13,0.11,0.12
367,0.05,0.05,0.06,0.06,0.05,0.06,0.05,0.07,0.12,0.06,0.1,0.04
368,0.6,0.52,0.53,0.61,0.47,0.57,0.55,0.64,0.55,0.54,0.58,0.51
369,0.62,0.6,0.61,0.59,0.59,0.61,0.61,0.64,0.68,0.61,0.63,0.61
370,0.9,0.9,0.91,0.84,0.9,0.91,0.9,0.92,0.9,0.91,0.89,0.91
371,0.36,0.39,0.36,0.37,0.31,0.36,0.37,0.4,0.45,0.4,0.48,0.31
372,0.72,0.76,0.79,0.72,0.88,0.78,0.82,0.73,0.76,0.58,0.78,0.85
373,0.82,0.85,0.83,0.74,0.85,0.81,0.82,0.78,0.75,0.87,0.79,0.84
374,0.94,0.95,0.96,0.93,0.94,0.96,0.95,0.96,0.96,0.96,0.97,0.93
375,0.81,0.81,0.83,0.28,0.82,0.74,0.72,0.6,0.44,0.86,0.71,0.86
376,0.98,0.98,0.98,0.92,0.98,0.97,0.98,0.98,0.97,0.98,0.97,0.98
377,0.78,0.81,0.8,0.81,0.86,0.81,0.79,0.83,0.85,0.82,0.81,0.78
378,0.59,0.78,0.67,0.72,0.87,0.72,0.83,0.77,0.82,0.74,0.83,0.83
379,0.95,0.96,0.96,0.95,0.95,0.96,0.95,0.96,0.97,0.97,0.97,0.92
380,0.13,0.15,0.14,0.22,0.13,0.12,0.16,0.19,0.31,0.13,0.27,0.11
381,0.96,0.95,0.98,0.94,0.93,0.96,0.99,0.99,0.99,0.99,0.97,0.99
382,0,0,0,0,0,0,0,0,0,0,0,0
383,0.89,0.86,0.89,0.84,0.92,0.86,0.91,0.9,0.88,0.92,0.9,0.88
384,0.04,0.04,0.04,0.04,0.05,0.06,0.04,0.04,0.04,0.04,0.05,0.04
385,0.01,0,0,0,0.01,0,0.01,0,0,0,0,0.01
386,0.94,0.96,0.92,0.92,0.94,0.91,0.95,0.95,0.96,0.95,0.96,0.95
387,0.4,0.46,0.38,0.44,0.49,0.46,0.41,0.46,0.32,0.54,0.39,0.39
388,0.84,0.44,0.62,0.79,0.82,0.68,0.86,0.86,0.76,0.58,0.83,0.84
389,0.93,0.93,0.87,0.82,0.95,0.91,0.92,0.95,0.94,0.94,0.94,0.94
390,0.99,1,1,0.99,1,1,1,1,1,1,1,1
391,0.74,0.77,0.66,0.74,0.9,0.77,0.75,0.81,0.73,0.77,0.75,0.69
392,0.99,0.98,0.99,0.91,0.91,0.98,0.99,0.99,0.99,1,0.99,1
393,0.04,0.04,0.03,0.04,0.03,0.04,0.03,0.04,0.04,0.03,0.04,0.03
394,0.86,0.86,0.85,0.84,0.84,0.86,0.85,0.87,0.86,0.86,0.86,0.86
395,0.92,0.92,0.92,0.9,0.94,0.92,0.92,0.93,0.93,0.93,0.92,0.93
396,0.92,0.89,0.92,0.92,0.92,0.91,0.92,0.94,0.93,0.89,0.93,0.92
397,0.85,0.81,0.85,0.87,0.66,0.84,0.8,0.84,0.85,0.75,0.82,0.78
398,0.74,0.72,0.76,0.73,0.8,0.73,0.73,0.78,0.82,0.75,0.77,0.74
399,0.96,0.98,0.96,0.94,0.95,0.99,0.98,0.97,0.97,0.99,1,0.97
400,0.11,0.1,0.09,0.08,0.12,0.09,0.1,0.1,0.1,0.1,0.1,0.1
401,0.64,0.66,0.64,0.68,0.73,0.68,0.68,0.71,0.74,0.61,0.71,0.71
402,0.3,0.28,0.27,0.26,0.29,0.34,0.35,0.37,0.38,0.24,0.37,0.28
403,0.58,0.59,0.65,0.7,0.73,0.67,0.67,0.73,0.65,0.64,0.63,0.57
404,1,1,1,1,1,1,1,1,1,1,1,1
405,0.03,0.03,0.03,0.03,0.03,0.03,0.03,0.03,0.03,0.02,0.03,0.03
406,0.01,0.01,0.01,0,0.02,0.01,0.01,0.01,0.01,0.01,0.02,0.01
475,0.88,0.94,0.88,0.78,0.93,0.89,0.93,0.91,0.9,0.94,0.92,0.95
890,0.97,0.97,0.97,0.94,0.97,0.96,0.97,0.97,0.98,0.97,0.97,0.97
1275,0.99,0.98,0.98,0.95,0.98,0.98,0.99,0.99,0.99,0.98,0.99,0.99
2130,0.96,0.98,0.93,0.94,0.99,0.77,0.98,0.98,0.98,0.98,0.98,0.98
3618,0.82,0.54,0.73,0.76,0.9,0.62,0.83,0.8,0.76,0.81,0.84,0.83
3991,1,1,1,0.96,1,1,1,0.98,0.9,1,0.98,1
4154,0.91,0.92,0.91,0.87,0.92,0.89,0.91,0.91,0.91,0.92,0.92,0.92
4285,0.98,0.96,0.96,0.92,0.96,0.95,0.98,0.98,0.97,0.98,0.97,0.98
4295,0.87,0.85,0.86,0.8,0.88,0.86,0.86,0.87,0.86,0.87,0.87,0.84
4441,0.96,0.96,0.96,0.85,0.98,0.94,0.96,0.96,0.93,0.98,0.94,0.98
5015,0.94,0.94,0.94,0.88,0.95,0.93,0.94,0.95,0.94,0.94,0.93,0.95
5061,0.92,0.93,0.93,0.9,0.94,0.93,0.93,0.93,0.94,0.94,0.93,0.92
5084,1,1,1,0.96,1,1,0.97,1,1,1,1,1
5109,1,1,1,1,1,1,1,1,1,1,1,1
5204,0.87,0.87,0.87,0.86,0.88,0.88,0.86,0.88,0.88,0.86,0.88,0.86
5898,0.88,0.87,0.86,0.78,0.9,0.85,0.85,0.84,0.8,0.88,0.85,0.88
6486,0.91,0.92,0.91,0.9,0.93,0.88,0.89,0.93,0.93,0.93,0.93,0.92
6646,0.87,0.89,0.87,0.83,0.92,0.88,0.89,0.92,0.9,0.91,0.89,0.88
6712,0.89,0.88,0.88,0.92,0.9,0.85,0.9,0.91,0.94,0.87,0.92,0.88
6766,0.88,0.86,0.86,0.8,0.88,0.84,0.86,0.85,0.86,0.88,0.86,0.87
6805,0.8,0.8,0.79,0.74,0.81,0.79,0.79,0.8,0.8,0.8,0.81,0.79
7033,0.94,0.93,0.93,0.88,0.94,0.93,0.93,0.94,0.94,0.91,0.94,0.94
7077,0.94,0.94,0.94,0.92,0.94,0.94,0.94,0.94,0.94,0.94,0.95,0.94
7197,0.96,0.95,0.95,0.93,0.96,0.95,0.95,0.95,0.95,0.94,0.94,0.95
7394,0.99,0.98,0.99,0.98,0.98,0.97,0.98,0.98,0.99,0.99,0.99,0.98
7434,0.99,0.99,0.98,0.99,1,0.99,0.99,1,1,1,1,0.99
7791,0.84,0.85,0.83,0.8,0.85,0.83,0.85,0.86,0.84,0.85,0.85,0.86
8612,0.88,0.88,0.86,0.84,0.92,0.87,0.87,0.9,0.92,0.89,0.9,0.86
9061,0.97,0.96,0.97,0.9,0.98,0.96,0.97,0.98,0.98,0.97,0.97,0.96
9106,1,0.78,0.96,0.99,0.92,1,0.98,1,1,1,1,0.99
9113,0.91,0.89,0.9,0.88,0.9,0.9,0.9,0.91,0.91,0.89,0.92,0.9
9273,1,1,0.99,0.89,0.99,0.94,1,1,0.99,1,0.99,0.99
9382,0.92,0.93,0.94,0.86,0.96,0.96,0.93,0.94,0.93,0.95,0.93,0.92
9473,0.92,0.92,0.89,0.81,0.9,0.9,0.89,0.89,0.89,0.92,0.92,0.91
9808,0.99,0.99,0.99,0.96,0.99,0.99,0.99,0.99,0.99,0.98,0.99,0.99
10348,0.9,0.96,0.96,0.94,0.97,0.95,0.97,0.97,0.97,0.96,0.97,0.95
10537,0.98,1,1,0.96,0.99,0.99,1,1,1,1,1,0.99
10861,0.88,0.9,0.9,0.9,0.9,0.87,0.89,0.92,0.92,0.91,0.92,0.89
10994,0.03,0.04,0.03,0.04,0.04,0.03,0.06,0.04,0.06,0.02,0.06,0.01
11233,0.98,0.98,0.97,0.9,0.98,0.96,0.98,0.97,0.98,0.98,0.98,0.99
11308,0.88,0.92,0.9,0.9,0.84,0.87,0.91,0.95,0.86,0.93,0.94,0.92
11422,0.85,0.5,0.77,0.82,0.83,0.84,0.86,0.84,0.84,0.85,0.83,0.92
11562,0.98,1,1,0.99,1,1,1,1,1,1,1,1
11981,0.9,0.9,0.91,0.91,0.84,0.9,0.93,0.91,0.92,0.9,0.93,0.88
12022,0.92,0.92,0.92,0.9,0.94,0.93,0.92,0.94,0.93,0.95,0.93,0.93
12026,0.84,0.85,0.85,0.81,0.52,0.85,0.86,0.84,0.87,0.73,0.85,0.86
12158,0.93,0.93,0.92,0.87,0.95,0.91,0.93,0.93,0.93,0.94,0.93,0.93
12244,0.88,0.87,0.87,0.86,0.85,0.85,0.85,0.88,0.9,0.89,0.9,0.86
12607,1,1,1,0.97,1,1,1,1,1,1,1,1
13105,0.96,0.65,0.95,0.96,0.95,0.96,0.95,0.95,0.96,0.95,0.96,0.94
13373,0.98,0.99,1,0.94,0.99,0.98,0.99,0.99,0.99,0.99,0.99,0.99
13814,0.9,0.92,0.91,0.88,0.93,0.89,0.91,0.91,0.9,0.92,0.92,0.91
13894,0.91,0.91,0.9,0.84,0.92,0.9,0.91,0.91,0.92,0.92,0.91,0.9
13976,1,1,1,0.94,1,0.98,1,0.99,1,0.99,0.99,1
14168,0.88,0.89,0.87,0.87,0.88,0.89,0.86,0.88,0.88,0.88,0.89,0.87
14652,0.9,0.91,0.9,0.84,0.92,0.91,0.88,0.91,0.92,0.91,0.91,0.9
14704,0.98,0.99,0.99,0.94,0.99,0.99,0.99,0.99,0.99,0.99,0.99,0.99
14910,0.05,0.05,0.06,0.05,0.06,0.05,0.05,0.05,0.06,0.05,0.06,0.04
15208,0.88,0.87,0.88,0.81,0.89,0.85,0.86,0.88,0.88,0.88,0.88,0.88
15267,0.01,0,0.01,0.01,0,0,0,0.01,0.1,0.01,0,0.01
15341,0.97,0.96,0.97,0.95,0.97,0.96,0.96,0.97,0.97,0.97,0.98,0.96
15452,0.92,0.92,0.89,0.88,0.94,0.92,0.94,0.93,0.94,0.94,0.95,0.95
15650,0.88,0.86,0.9,0.86,0.48,0.87,0.9,0.87,0.88,0.57,0.9,0.88
15731,0.94,0.93,0.93,0.86,0.94,0.9,0.92,0.94,0.93,0.94,0.93,0.94
16392,0.94,0.82,0.96,0.9,0.95,0.93,0.92,0.95,0.95,0.95,0.96,0.95
16423,0.96,0.96,0.96,0.92,0.97,0.97,0.95,0.96,0.95,0.97,0.96,0.96
16507,0.85,0.86,0.86,0.78,0.85,0.82,0.84,0.86,0.85,0.86,0.86,0.85
16557,0.92,0.92,0.91,0.88,0.93,0.91,0.91,0.92,0.91,0.9,0.92,0.91
16581,0.94,0.94,0.93,0.92,0.95,0.94,0.94,0.95,0.95,0.95,0.95,0.95
16718,1,1,1,1,1,1,1,1,1,1,1,1
17019,0.9,0.9,0.89,0.87,0.9,0.9,0.9,0.91,0.92,0.91,0.91,0.9
17513,0.94,0.94,0.95,0.9,0.9,0.94,0.96,0.96,0.94,0.78,0.95,0.94
17711,0.96,0.94,0.95,0.88,0.96,0.92,0.94,0.83,0.73,0.94,0.84,0.96
18328,0.92,0.91,0.91,0.9,0.91,0.9,0.93,0.93,0.95,0.93,0.95,0.92
18393,0.94,0.94,0.92,0.94,0.95,0.92,0.93,0.93,0.93,0.95,0.93,0.92
18628,1,0.98,0.99,0.96,0.43,0.98,0.99,1,1,1,1,0.99
18764,0.96,0.96,0.95,0.94,0.96,0.94,0.95,0.95,0.95,0.95,0.96,0.95
18790,0.99,0.99,0.99,0.98,0.99,0.99,0.99,0.99,1,1,0.99,0.99
18909,0.95,0.94,0.95,0.91,0.96,0.93,0.96,0.96,0.97,0.97,0.95,0.95
19117,0.89,0.89,0.88,0.88,0.87,0.9,0.88,0.9,0.9,0.89,0.89,0.88
19561,0.9,0.91,0.91,0.87,0.94,0.88,0.87,0.92,0.94,0.92,0.91,0.89
19695,0.92,0.94,0.93,0.9,0.93,0.94,0.94,0.95,0.94,0.93,0.95,0.94
20550,0.94,0.95,0.95,0.92,0.94,0.94,0.95,0.96,0.95,0.94,0.97,0.95
20905,0.99,0.99,0.99,0.96,0.99,0.99,0.99,0.99,0.99,0.99,0.99,0.99
21039,0.98,0.99,0.99,0.96,0.99,0.99,0.99,0.99,1,0.99,0.99,0.99
21253,0.94,0.94,0.94,0.91,0.96,0.94,0.93,0.94,0.95,0.96,0.95,0.93
21662,0.85,0.86,0.85,0.87,0.85,0.86,0.85,0.88,0.89,0.86,0.88,0.87
21966,0.86,0.87,0.85,0.8,0.86,0.84,0.86,0.85,0.88,0.88,0.86,0.85
21974,0.88,0.88,0.88,0.82,0.89,0.88,0.88,0.88,0.87,0.87,0.88,0.88
22285,0.92,0.95,0.92,0.9,0.96,0.94,0.93,0.95,0.95,0.93,0.95,0.95
22521,0.8,0.82,0.77,0.79,0.84,0.81,0.81,0.8,0.82,0.83,0.81,0.79
23032,0.96,0.96,0.96,0.92,0.95,0.96,0.95,0.95,0.96,0.96,0.96,0.96
23186,0.92,0.94,0.94,0.92,0.67,0.93,0.93,0.95,0.95,0.94,0.94,0.93
23231,0.98,0.98,0.98,0.92,0.99,0.96,0.98,0.98,0.98,0.99,0.98,0.98
23269,0.99,0.99,0.99,0.98,0.99,0.99,0.97,0.99,0.99,0.99,0.99,0.99
23433,0.86,0.87,0.85,0.8,0.82,0.84,0.87,0.88,0.89,0.89,0.88,0.86
24068,0.9,0.9,0.88,0.86,0.9,0.88,0.9,0.88,0.91,0.89,0.91,0.9
24095,0.87,0.88,0.87,0.81,0.84,0.84,0.88,0.89,0.85,0.88,0.88,0.89
24653,0.89,0.9,0.89,0.87,0.9,0.88,0.9,0.9,0.9,0.91,0.9,0.89
24865,0.9,0.94,0.94,0.93,0.96,0.95,0.93,0.95,0.96,0.93,0.96,0.93
25415,0.98,0.98,0.98,0.97,0.97,0.97,0.98,0.98,0.98,0.98,0.98,0.98
25592,0.02,0.03,0.01,0.01,0.21,0.02,0.01,0.03,0.02,0.01,0.07,0.02
26800,1,1,1,1,1,1,1,1,1,1,1,1
27442,0.93,0.93,0.92,0.88,0.94,0.91,0.92,0.94,0.92,0.94,0.93,0.93
27494,0.82,0.8,0.81,0.7,0.7,0.76,0.82,0.8,0.74,0.82,0.77,0.83
27527,0.9,0.91,0.91,0.88,0.9,0.9,0.9,0.9,0.91,0.92,0.9,0.89
27847,0.92,0.92,0.92,0.91,0.94,0.93,0.93,0.93,0.94,0.93,0.91,0.93
27895,0.76,0.78,0.76,0.79,0.82,0.8,0.76,0.81,0.87,0.78,0.84,0.8
28059,1,0.99,0.98,0.95,0.99,0.98,0.99,1,0.99,0.99,0.99,0.99
28310,0.99,0.96,0.98,0.96,0.95,0.97,0.97,0.98,0.99,0.97,0.97,0.96
28388,0.88,0.88,0.88,0.88,0.87,0.89,0.87,0.9,0.91,0.89,0.9,0.87
28465,0.96,0.96,0.95,0.95,0.97,0.94,0.94,0.96,0.97,0.96,0.96,0.96
29037,0.9,0.92,0.89,0.9,0.91,0.91,0.92,0.93,0.91,0.93,0.93,0.91
29732,1,1,1,1,1,1,1,1,1,1,1,1
30128,1,1,1,1,0.99,1,0.99,0.99,1,0.99,1,1
30275,0.97,0.96,0.97,0.97,0.93,0.98,0.96,0.99,0.99,0.93,0.99,0.97
30480,0.06,0.07,0.07,0.06,0.27,0.06,0.08,0.08,0.07,0.1,0.07,0.07
30797,0.88,0.88,0.88,0.86,0.87,0.87,0.87,0.88,0.88,0.89,0.88,0.87
30814,1,1,1,1,1,1,1,1,1,1,1,1
31060,0.92,0.91,0.91,0.85,0.91,0.89,0.92,0.92,0.92,0.92,0.92,0.92
31126,0.96,0.97,0.97,0.96,0.9,0.96,0.97,0.97,0.97,0.97,0.98,0.97
31434,0.98,0.98,0.94,0.9,0.99,0.95,0.98,0.98,0.98,0.98,0.99,0.98
31528,0.99,0.99,0.99,0.99,0.99,0.99,0.99,0.99,1,0.99,0.99,0.99
31682,0.97,0.94,0.86,0.92,0.98,0.97,0.93,0.97,0.99,0.95,0.91,0.92
31923,0.81,0.82,0.8,0.73,0.82,0.79,0.82,0.81,0.85,0.82,0.83,0.82
32287,0.94,0.96,0.95,0.89,0.83,0.96,0.96,0.96,0.97,0.9,0.97,0.96
33544,0.08,0.07,0.08,0.08,0.09,0.08,0.08,0.08,0.09,0.08,0.09,0.09
33674,0.01,0.01,0.01,0.01,0.01,0.02,0.02,0.01,0.01,0.01,0.01,0.01
33897,0.99,0.99,1,0.96,0.99,0.99,0.98,0.99,0.98,0.99,0.99,0.99
34285,0.89,0.91,0.9,0.84,0.89,0.9,0.89,0.88,0.92,0.8,0.92,0.92
34517,1,1,0.94,0.96,1,0.98,1,1,1,1,0.99,1
34895,0.82,0.81,0.79,0.8,0.83,0.82,0.79,0.85,0.86,0.82,0.84,0.8
35777,0.92,0.91,0.91,0.86,0.89,0.9,0.89,0.91,0.91,0.92,0.9,0.91
36117,0.89,0.89,0.89,0.86,0.9,0.88,0.88,0.88,0.89,0.88,0.88,0.88
36131,0.86,0.86,0.87,0.82,0.88,0.88,0.88,0.88,0.88,0.87,0.89,0.86
36329,0.92,0.98,0.9,0.86,0.93,0.88,0.96,0.94,0.95,0.96,0.94,0.95
36388,0.86,0.88,0.86,0.82,0.9,0.86,0.86,0.88,0.87,0.88,0.87,0.88
36402,0.95,0.95,0.96,0.94,0.96,0.95,0.95,0.94,0.95,0.95,0.95,0.96
36698,0.98,0.98,0.99,0.95,0.98,0.98,0.99,0.99,0.98,0.98,0.99,0.99
37167,0.95,0.94,0.95,0.96,0.97,0.93,0.95,0.94,0.97,0.94,0.96,0.93
37445,0.92,0.94,0.92,0.92,0.93,0.93,0.92,0.92,0.94,0.92,0.95,0.93
37545,0.92,0.91,0.91,0.9,0.93,0.9,0.89,0.92,0.92,0.92,0.93,0.92
37631,0.94,0.95,0.96,0.9,0.95,0.94,0.94,0.95,0.95,0.96,0.95,0.96
38001,0.96,0.94,0.97,0.83,0.97,0.94,0.92,0.97,0.93,0.99,0.97,0.97
38569,0.83,0.85,0.86,0.74,0.88,0.8,0.84,0.82,0.86,0.87,0.86,0.85
38848,1,1,1,0.99,1,1,1,1,1,1,1,1
38930,0.93,0.9,0.93,0.88,0.97,0.92,0.93,0.92,0.9,0.9,0.93,0.95
39169,0.93,0.93,0.93,0.87,0.94,0.92,0.93,0.93,0.92,0.92,0.93,0.92
39183,0.9,0.9,0.92,0.89,0.93,0.89,0.9,0.91,0.92,0.93,0.91,0.9
39308,0.97,0.97,0.99,0.93,0.98,0.98,0.97,0.98,0.97,0.97,0.97,0.97
39446,0.99,0.99,0.99,0.94,0.99,0.98,0.99,0.99,0.99,0.98,0.99,0.99
39895,0.88,0.86,0.88,0.78,0.62,0.87,0.9,0.92,0.92,0.79,0.89,0.89
40147,0.85,0.86,0.82,0.84,0.87,0.85,0.84,0.87,0.87,0.85,0.89,0.84
40487,0.95,0.74,0.95,0.96,0.94,0.94,0.94,0.95,0.89,0.95,0.92,0.73
40793,0.9,0.92,0.9,0.84,0.84,0.89,0.92,0.92,0.92,0.9,0.91,0.91
41217,0.86,0.84,0.85,0.83,0.85,0.83,0.86,0.86,0.88,0.81,0.86,0.81
41276,0.98,0.98,0.97,0.95,0.97,0.97,0.97,0.98,0.98,0.99,0.98,0.97
41327,0.99,0.99,0.99,0.9,0.96,0.97,0.99,0.99,0.99,0.99,0.99,0.99
41403,0.96,0.94,0.94,0.96,0.96,0.94,0.96,0.97,0.96,0.94,0.95,0.95
41651,0.95,0.94,0.95,0.86,0.96,0.95,0.94,0.93,0.89,0.97,0.91,0.96
41688,0.98,0.99,0.98,0.94,0.99,0.98,0.99,0.99,0.99,0.99,0.99,0.97
42029,0.83,0.84,0.83,0.81,0.85,0.84,0.84,0.86,0.87,0.84,0.87,0.86
42364,0.92,0.9,0.91,0.84,0.91,0.9,0.9,0.91,0.91,0.92,0.91,0.9
42585,0.86,0.87,0.86,0.8,0.89,0.85,0.86,0.84,0.83,0.87,0.83,0.87
42667,0.93,0.93,0.92,0.88,0.91,0.92,0.92,0.93,0.94,0.93,0.92,0.92
42804,0.07,0.07,0.06,0.07,0.07,0.07,0.08,0.09,0.13,0.07,0.12,0.07
42906,0.96,0.97,0.97,0.96,0.96,0.97,0.96,0.97,0.98,0.97,0.97,0.96
43328,1,1,1,0.98,1,1,1,1,1,1,1,1
43817,0.94,0.95,0.97,0.94,0.97,0.96,0.95,0.96,0.96,0.95,0.97,0.95
43983,0.92,0.92,0.92,0.9,0.92,0.89,0.92,0.93,0.93,0.93,0.93,0.93
44019,0.99,0.99,0.99,0.98,0.99,0.99,0.99,1,1,1,0.99,0.99
44251,0.92,0.92,0.91,0.88,0.92,0.9,0.91,0.93,0.92,0.94,0.92,0.92
44332,1,1,1,1,1,1,1,1,1,1,1,1
44390,0.2,0.16,0.14,0.17,0.15,0.21,0.14,0.16,0.16,0.15,0.19,0.16
44413,0.92,0.92,0.91,0.86,0.92,0.9,0.91,0.91,0.92,0.9,0.91,0.91
44824,0.69,0.7,0.67,0.69,0.69,0.72,0.7,0.72,0.7,0.71,0.72,0.68
45591,0.88,0.88,0.86,0.84,0.88,0.87,0.87,0.87,0.88,0.88,0.88,0.88
45670,0.9,0.89,0.91,0.88,0.65,0.88,0.89,0.9,0.91,0.91,0.91,0.89
45810,0.9,0.9,0.92,0.88,0.91,0.89,0.9,0.9,0.91,0.92,0.92,0.9
46313,0.86,0.88,0.87,0.86,0.87,0.87,0.87,0.88,0.88,0.88,0.88,0.87
46650,0.96,0.98,0.96,0.9,0.98,0.95,0.98,0.98,0.99,0.98,0.99,0.98
46697,0.97,0.98,0.99,0.98,0.97,0.97,0.98,0.99,0.99,0.96,1,0.98
47525,1,1,1,0.95,1,1,1,1,1,1,1,1
48022,0.89,0.89,0.88,0.81,0.91,0.86,0.89,0.9,0.88,0.9,0.89,0.89
48181,0.81,0.84,0.88,0.82,0.86,0.81,0.79,0.82,0.87,0.82,0.85,0.82
48279,0.81,0.83,0.81,0.76,0.84,0.8,0.83,0.84,0.81,0.82,0.84,0.82
48464,0.84,0.87,0.88,0.81,0.47,0.85,0.88,0.85,0.89,0.53,0.88,0.89
48803,0.86,0.87,0.86,0.79,0.88,0.84,0.87,0.87,0.87,0.89,0.88,0.87
49300,0.99,0.99,0.99,0.96,1,0.98,0.99,0.99,1,0.99,0.99,1
49503,0.92,0.92,0.89,0.9,0.94,0.91,0.89,0.93,0.94,0.93,0.94,0.91
49539,0.81,0.81,0.81,0.71,0.81,0.77,0.8,0.81,0.78,0.81,0.8,0.82
49691,1,0.99,1,0.98,1,0.99,0.99,1,1,1,0.99,1
49764,0.95,0.95,0.96,0.94,0.96,0.94,0.93,0.97,0.97,0.96,0.98,0.96
49852,0.82,0.83,0.84,0.8,0.77,0.82,0.82,0.82,0.84,0.84,0.83,0.82
49935,0.9,0.9,0.9,0.84,0.91,0.9,0.9,0.9,0.9,0.91,0.9,0.91
50053,0.93,0.92,0.94,0.92,0.94,0.95,0.9,0.93,0.96,0.92,0.95,0.86
50199,0.92,0.92,0.92,0.9,0.92,0.93,0.92,0.92,0.93,0.92,0.93,0.92
50385,0.86,0.86,0.85,0.83,0.86,0.84,0.85,0.86,0.85,0.86,0.86,0.85
50580,0.92,0.93,0.93,0.91,0.92,0.94,0.93,0.93,0.93,0.94,0.93,0.93
50621,0.99,1,0.99,0.96,1,0.99,1,1,0.99,1,1,1
51154,0.92,0.92,0.92,0.89,0.95,0.91,0.92,0.92,0.93,0.93,0.93,0.92
51170,0.95,0.95,0.96,0.94,0.96,0.96,0.94,0.97,0.96,0.97,0.97,0.94
51269,0.04,0.04,0.04,0.06,0.05,0.04,0.05,0.05,0.19,0.03,0.14,0.04
51604,0.97,0.97,0.97,0.92,0.97,0.96,0.97,0.98,0.98,0.96,0.98,0.94
51918,0.03,0.03,0.03,0.03,0.03,0.03,0.02,0.03,0.03,0.03,0.03,0.03
52488,0.86,0.85,0.84,0.87,0.88,0.84,0.88,0.89,0.89,0.87,0.89,0.87
52580,0.92,0.91,0.91,0.9,0.9,0.91,0.9,0.94,0.9,0.92,0.95,0.92
52620,0.97,0.96,0.97,0.95,0.58,0.97,0.96,0.95,0.97,0.98,0.96,0.96
52892,0.98,0.98,0.98,0.9,0.98,0.96,0.98,0.99,0.98,0.99,0.99,0.99
52984,0.92,0.93,0.93,0.89,0.94,0.92,0.93,0.93,0.91,0.95,0.92,0.92
53404,0.95,0.93,0.95,0.9,0.94,0.95,0.95,0.95,0.93,0.95,0.95,0.94
53762,1,1,1,1,0.99,1,0.98,1,1,1,1,1
54273,0.06,0.06,0.05,0.05,0.08,0.06,0.05,0.06,0.06,0.06,0.05,0.05
54424,0.86,0.86,0.87,0.79,0.88,0.85,0.87,0.89,0.87,0.88,0.87,0.84
54437,0.99,0.99,0.98,0.98,0.99,0.98,0.99,0.98,0.99,0.99,0.99,0.99
54445,0.88,0.86,0.88,0.86,0.89,0.89,0.85,0.88,0.89,0.88,0.88,0.87
54564,1,1,1,0.92,1,1,1,1,0.98,1,0.99,1
54770,0.92,0.93,0.92,0.88,0.92,0.91,0.92,0.92,0.92,0.93,0.92,0.92
54928,0.02,0.03,0.03,0.03,0.05,0.02,0.02,0.03,0.07,0.04,0.06,0.07
54943,0.99,0.99,0.99,0.88,0.99,0.97,0.99,0.99,0.98,0.99,0.99,0.99
56433,0.98,0.98,0.98,0.95,0.98,0.97,0.97,0.98,0.98,0.98,0.98,0.98
56518,1,1,1,1,1,1,1,1,1,1,1,1
56643,0.94,0.94,0.91,0.88,0.93,0.92,0.93,0.94,0.93,0.94,0.92,0.94
56832,0.18,0.16,0.19,0.17,0.17,0.18,0.18,0.24,0.31,0.2,0.27,0.13
57019,0.95,0.97,0.97,0.92,0.95,0.96,0.94,0.97,0.99,0.98,0.96,0.97
57037,0.98,0.99,0.98,0.96,0.99,0.98,0.98,0.99,0.99,0.99,0.99,0.99
57834,0.98,0.98,0.99,0.96,0.99,0.98,0.99,0.99,0.98,0.99,0.98,0.99
58056,0.86,0.86,0.86,0.84,0.86,0.87,0.85,0.83,0.81,0.88,0.87,0.86
58339,0.94,0.95,0.94,0.92,0.95,0.95,0.94,0.95,0.95,0.94,0.95,0.95
59425,0.13,0.13,0.13,0.17,0.1,0.14,0.15,0.18,0.26,0.11,0.24,0.13
59504,0.94,0.93,0.96,0.82,0.94,0.92,0.9,0.92,0.84,0.96,0.87,0.94
59984,0.97,0.98,0.98,0.96,0.98,0.97,0.98,0.99,0.98,0.98,0.98,0.97
60075,1,1,1,0.98,1,1,1,1,1,1,1,1
60123,0.86,0.89,0.92,0.78,0.89,0.87,0.9,0.91,0.9,0.91,0.89,0.88
60246,0.96,0.96,0.94,0.84,0.97,0.92,0.96,0.97,0.97,0.97,0.97,0.96
60768,0.98,0.98,0.92,0.98,0.4,0.97,0.94,0.96,0.99,0.7,0.97,0.97
60883,0.96,0.97,0.97,0.95,0.99,0.96,0.97,0.97,0.96,0.98,0.98,0.97
61030,0.88,0.9,0.89,0.88,0.92,0.88,0.88,0.9,0.9,0.89,0.9,0.89
61216,0.9,0.93,0.91,0.88,0.93,0.9,0.92,0.92,0.93,0.92,0.93,0.92
61486,0.93,0.94,0.93,0.9,0.75,0.93,0.95,0.95,0.95,0.94,0.94,0.94
61745,0.92,0.69,0.87,0.91,0.94,0.76,0.92,0.92,0.91,0.9,0.9,0.85
62319,0.94,0.94,0.95,0.9,0.92,0.93,0.94,0.94,0.94,0.95,0.96,0.94
63024,0.92,0.94,0.92,0.92,0.94,0.95,0.94,0.93,0.91,0.96,0.94,0.95
63174,0.86,0.82,0.82,0.85,0.86,0.87,0.82,0.85,0.89,0.8,0.85,0.8
63445,0.01,0.03,0.02,0.04,0.1,0.02,0.05,0.05,0.12,0.02,0.08,0.02
63535,0.98,0.98,0.99,0.94,0.99,0.98,0.99,0.99,0.99,0.98,0.99,0.99
63854,0.93,0.94,0.94,0.9,0.95,0.93,0.95,0.96,0.96,0.95,0.94,0.94
63993,0.82,0.84,0.83,0.8,0.84,0.82,0.82,0.84,0.86,0.83,0.86,0.83
64031,0.9,0.9,0.9,0.87,0.88,0.88,0.89,0.89,0.9,0.9,0.91,0.89
64043,0.94,0.95,0.96,0.94,0.96,0.94,0.94,0.95,0.95,0.96,0.96,0.94
64862,0.97,0.96,0.96,0.94,0.97,0.97,0.97,0.98,0.98,0.94,0.98,0.94
65928,0.97,0.98,0.99,0.98,0.99,0.98,0.99,0.97,0.98,0.96,0.98,0.97
65978,0.92,0.9,0.93,0.92,0.55,0.93,0.93,0.9,0.92,0.76,0.91,0.94
66469,0.92,0.94,0.93,0.92,0.93,0.91,0.94,0.94,0.95,0.92,0.95,0.93
66594,0.97,0.95,0.97,0.98,0.77,0.98,0.97,0.97,0.92,0.98,0.97,0.95
67405,0.88,0.88,0.88,0.86,0.94,0.9,0.88,0.9,0.91,0.92,0.91,0.9
67462,0.98,0.98,0.97,0.88,0.98,0.96,0.98,0.98,0.98,0.98,0.98,0.98
67484,0.92,0.91,0.92,0.83,0.92,0.88,0.9,0.92,0.92,0.93,0.91,0.91
68278,0.06,0.06,0.05,0.04,0.06,0.04,0.05,0.05,0.05,0.04,0.06,0.05
68280,0.92,0.92,0.93,0.91,0.96,0.93,0.94,0.95,0.95,0.93,0.94,0.94
68325,0.88,0.88,0.87,0.78,0.91,0.86,0.87,0.91,0.9,0.91,0.92,0.89
68968,1,1,0.99,0.93,1,0.98,1,1,1,1,0.99,1
69120,0.89,0.9,0.89,0.86,0.88,0.88,0.89,0.88,0.89,0.89,0.88,0.9
69298,0.94,0.92,0.83,0.92,0.95,0.86,0.93,0.94,0.94,0.95,0.94,0.83
69315,0.98,0.97,0.98,0.98,0.99,0.99,0.99,0.99,1,0.99,0.99,0.97
69483,1,0.99,1,0.98,0.99,0.99,0.99,1,0.99,0.98,0.99,0.99
69741,0.86,0.99,0.91,0.96,0.95,0.98,0.99,0.95,0.99,0.96,0.99,0.99
70701,1,1,1,0.98,1,1,1,1,1,1,1,1
70891,0.88,0.85,0.85,0.82,0.93,0.88,0.86,0.9,0.86,0.88,0.87,0.88
71096,0.94,0.94,0.94,0.91,0.95,0.94,0.93,0.94,0.94,0.95,0.94,0.93
71377,0.99,0.99,0.99,0.98,0.97,1,0.99,0.98,1,0.89,0.99,0.99
71795,0.88,0.9,0.9,0.86,0.87,0.88,0.87,0.86,0.84,0.9,0.89,0.89
72230,0.86,0.86,0.85,0.82,0.89,0.85,0.87,0.88,0.85,0.88,0.87,0.88
72270,0.9,0.9,0.9,0.88,0.91,0.89,0.89,0.91,0.92,0.91,0.91,0.91
72372,0.82,0.8,0.84,0.76,0.83,0.82,0.81,0.82,0.82,0.84,0.81,0.8
72511,0.9,0.9,0.89,0.89,0.9,0.91,0.9,0.9,0.91,0.91,0.93,0.89
72734,0.99,0.99,0.99,0.96,0.95,0.99,0.98,1,0.99,1,0.99,0.99
73230,0.98,0.99,0.98,0.93,0.98,0.98,0.99,0.99,0.99,0.99,0.98,0.97
73295,0.89,0.89,0.84,0.86,0.48,0.9,0.89,0.9,0.91,0.89,0.84,0.8
73346,0.86,0.89,0.88,0.82,0.91,0.88,0.88,0.89,0.89,0.9,0.87,0.88
73514,0.9,0.9,0.9,0.88,0.92,0.91,0.89,0.91,0.9,0.91,0.87,0.9
73670,1,1,1,0.96,1,0.99,1,1,1,1,1,1
73937,1,0.99,1,0.98,1,0.99,0.99,0.99,1,0.99,1,1
74027,1,1,1,0.97,0.99,0.99,1,1,0.99,1,1,1
74223,0.89,0.89,0.9,0.8,0.89,0.84,0.89,0.89,0.93,0.92,0.9,0.91
74250,0.92,0.92,0.91,0.88,0.92,0.93,0.89,0.9,0.84,0.93,0.9,0.91
74313,0.92,0.92,0.91,0.81,0.92,0.87,0.91,0.92,0.92,0.92,0.91,0.91
74626,0.99,1,0.99,0.98,1,0.99,1,1,0.99,1,1,1
74826,0.93,0.94,0.93,0.92,0.94,0.94,0.92,0.95,0.95,0.94,0.95,0.93
74848,0.88,0.88,0.88,0.84,0.88,0.89,0.89,0.9,0.9,0.89,0.9,0.88
74992,0.86,0.87,0.85,0.82,0.83,0.87,0.84,0.88,0.89,0.77,0.88,0.86
75334,0.89,0.89,0.89,0.86,0.89,0.87,0.9,0.9,0.89,0.9,0.89,0.88
75561,0.08,0.08,0.07,0.08,0.07,0.07,0.07,0.08,0.07,0.08,0.08,0.07
76022,0.11,0.14,0.19,0.14,0.13,0.1,0.12,0.13,0.2,0.11,0.17,0.17
76522,0.88,0.89,0.88,0.8,0.94,0.88,0.86,0.89,0.84,0.91,0.87,0.93
76866,0.94,0.94,0.94,0.86,0.94,0.92,0.93,0.93,0.91,0.95,0.93,0.94
76971,0.86,0.88,0.84,0.78,0.89,0.84,0.85,0.89,0.89,0.9,0.88,0.86
77189,0.88,0.88,0.86,0.8,0.9,0.86,0.86,0.89,0.88,0.89,0.88,0.87
77405,0.85,0.84,0.84,0.78,0.81,0.84,0.85,0.86,0.83,0.8,0.83,0.85
77805,0.94,0.93,0.94,0.88,0.95,0.93,0.93,0.95,0.93,0.93,0.92,0.93
77907,0.92,0.91,0.91,0.85,0.94,0.89,0.92,0.92,0.92,0.93,0.92,0.92
78092,1,1,1,0.96,1,0.98,1,0.99,0.99,1,0.99,1
78201,1,1,1,0.97,1,0.99,1,1,0.93,1,0.98,1
78435,0.8,0.77,0.7,0.78,0.3,0.81,0.84,0.84,0.74,0.41,0.82,0.75
78481,0.88,0.9,0.9,0.86,0.89,0.87,0.88,0.87,0.91,0.77,0.91,0.85
79863,0.89,0.88,0.89,0.88,0.82,0.88,0.88,0.89,0.91,0.82,0.9,0.88
80454,0.88,0.88,0.88,0.91,0.88,0.96,0.87,0.89,0.86,0.88,0.88,0.88
80617,0.94,0.95,0.96,0.94,0.96,0.97,0.95,0.96,0.97,0.97,0.97,0.96
80685,0.01,0.02,0.01,0.05,0.02,0.03,0.04,0.02,0.16,0,0.1,0.03
80705,0.84,0.84,0.85,0.82,0.82,0.81,0.82,0.86,0.86,0.85,0.85,0.83
80875,0.96,0.96,0.92,0.87,0.73,0.87,0.96,0.98,0.96,0.91,0.97,0.97
80916,0.84,0.86,0.86,0.84,0.84,0.84,0.86,0.88,0.87,0.87,0.87,0.85
81489,0.9,0.91,0.89,0.84,0.89,0.89,0.9,0.91,0.91,0.91,0.91,0.91
81865,0.99,0.99,0.99,0.98,0.99,0.99,0.99,0.99,1,0.99,1,0.99
81882,1,1,1,0.98,1,1,1,1,1,1,1,1
82089,0.88,0.92,0.89,0.86,0.89,0.89,0.91,0.92,0.91,0.88,0.9,0.9
82441,0.84,0.77,0.88,0.8,0.88,0.86,0.86,0.86,0.88,0.85,0.83,0.86
82446,1,1,1,0.99,1,1,1,1,0.99,1,1,1
82629,1,1,1,0.96,1,0.98,0.99,1,1,0.99,0.99,0.99
82784,0.92,0.88,0.93,0.86,0.88,0.85,0.77,0.93,0.92,0.94,0.92,0.92
83032,0.84,0.84,0.84,0.86,0.9,0.84,0.83,0.89,0.89,0.87,0.87,0.85
83195,0.81,0.83,0.84,0.81,0.82,0.83,0.83,0.85,0.85,0.84,0.85,0.83
83692,0.87,0.86,0.82,0.87,0.88,0.87,0.86,0.89,0.9,0.87,0.89,0.86
83941,0.04,0.05,0.05,0.04,0.04,0.05,0.05,0.05,0.04,0.04,0.05,0.05
83993,0.92,0.97,0.94,0.94,0.98,0.94,0.93,0.96,0.99,0.96,0.98,0.96
84034,0.85,0.86,0.86,0.85,0.86,0.87,0.86,0.88,0.89,0.84,0.9,0.84
85058,0.93,0.9,0.94,0.92,0.65,0.95,0.94,0.93,0.95,0.77,0.94,0.93
85286,0.79,0.8,0.81,0.74,0.78,0.8,0.79,0.82,0.8,0.8,0.8,0.79
85305,0.88,0.88,0.85,0.83,0.89,0.86,0.86,0.86,0.84,0.87,0.85,0.89
85457,0.99,0.99,0.99,1,0.99,1,0.99,1,1,0.99,0.98,0.99
85856,0.81,0.83,0.76,0.77,0.91,0.81,0.83,0.85,0.84,0.83,0.85,0.78
86159,0.92,0.92,0.92,0.9,0.92,0.92,0.92,0.91,0.87,0.94,0.91,0.92
86342,1,1,1,1,1,1,1,1,1,1,1,1
86397,1,1,1,0.98,1,0.99,1,1,1,1,1,1
86613,0.87,0.86,0.86,0.82,0.89,0.86,0.86,0.88,0.88,0.89,0.88,0.86
86791,1,1,1,0.95,1,0.98,0.99,1,1,1,1,1
87010,0.9,0.92,0.93,0.92,0.61,0.93,0.87,0.91,0.93,0.71,0.87,0.88
87455,0.85,0.86,0.83,0.82,0.87,0.87,0.86,0.87,0.89,0.87,0.87,0.85
87853,0.84,0.84,0.84,0.79,0.82,0.83,0.84,0.83,0.84,0.85,0.83,0.83
87860,0.92,0.93,0.94,0.91,0.91,0.95,0.93,0.95,0.95,0.94,0.93,0.92
88190,0.88,0.93,0.93,0.9,0.95,0.94,0.93,0.94,0.95,0.94,0.95,0.95
88946,0.92,0.92,0.91,0.91,0.91,0.92,0.93,0.92,0.93,0.93,0.92,0.92
89292,0.9,0.9,0.89,0.83,0.89,0.88,0.89,0.9,0.88,0.91,0.89,0.89
89458,0.94,0.93,0.94,0.84,0.96,0.92,0.95,0.94,0.93,0.91,0.95,0.95
89788,0.88,0.88,0.85,0.87,0.89,0.86,0.86,0.89,0.89,0.87,0.9,0.88
91271,0.9,0.96,0.94,0.92,0.62,0.94,0.95,0.93,0.95,0.91,0.96,0.94
91457,0.91,0.92,0.92,0.88,0.93,0.9,0.91,0.91,0.92,0.92,0.92,0.91
91577,0.83,0.83,0.83,0.8,0.84,0.83,0.82,0.85,0.84,0.84,0.84,0.82
91657,0.9,0.9,0.9,0.86,0.92,0.9,0.88,0.89,0.88,0.9,0.88,0.9
91665,1,1,0.99,0.98,1,0.99,1,0.99,0.97,1,0.99,1
91946,0.84,0.84,0.85,0.8,0.84,0.84,0.84,0.84,0.85,0.85,0.85,0.83
92653,0.94,0.93,0.93,0.88,0.94,0.92,0.92,0.93,0.9,0.93,0.9,0.93
93057,0.94,0.96,0.95,0.94,0.98,0.96,0.97,0.98,0.99,0.94,0.98,0.95
93125,0.92,0.91,0.91,0.82,0.94,0.9,0.92,0.93,0.92,0.93,0.92,0.94
93853,0.9,0.9,0.88,0.84,0.93,0.88,0.88,0.9,0.86,0.92,0.89,0.91
93962,0.84,0.88,0.71,0.86,0.89,0.76,0.92,0.88,0.92,0.78,0.9,0.87
94590,0.88,0.88,0.86,0.8,0.92,0.83,0.89,0.9,0.89,0.87,0.9,0.89
94826,0.95,0.48,0.92,0.9,0.98,0.95,0.93,0.94,0.96,0.94,0.92,0.91
94914,0.81,0.84,0.82,0.81,0.86,0.81,0.82,0.84,0.84,0.84,0.83,0.83
95454,0.99,1,0.99,0.98,0.99,0.99,1,1,0.99,0.99,1,0.99
95512,0.81,0.79,0.83,0.72,0.89,0.79,0.81,0.83,0.77,0.81,0.83,0.84
95831,0.88,0.85,0.89,0.84,0.91,0.85,0.85,0.87,0.83,0.9,0.86,0.88
95856,1,1,0.99,0.96,1,0.99,0.99,1,1,1,1,1
95908,0.98,0.97,0.97,0.95,0.98,0.97,0.96,0.98,0.99,0.98,0.98,0.98
96253,0.96,0.96,0.97,0.96,0.97,0.98,0.97,0.98,0.97,0.98,0.97,0.96
96611,0.92,0.48,0.74,0.82,0.94,0.84,0.9,0.86,0.92,0.87,0.92,0.93
96959,0.88,0.88,0.87,0.85,0.85,0.88,0.88,0.88,0.9,0.89,0.89,0.88
97192,0.89,0.9,0.91,0.88,0.91,0.9,0.9,0.91,0.92,0.9,0.92,0.9
97280,0.98,0.98,0.98,0.96,0.98,0.98,0.99,0.98,0.99,0.99,0.98,0.98
98196,0.95,0.95,0.94,0.92,0.95,0.94,0.94,0.95,0.96,0.96,0.94,0.94
99399,0.92,0.86,0.93,0.93,0.88,0.92,0.92,0.94,0.94,0.93,0.93,0.86
99534,0.9,0.89,0.88,0.82,0.92,0.89,0.88,0.9,0.88,0.91,0.89,0.9
99607,0.89,0.89,0.88,0.76,0.98,0.88,0.88,0.88,0.86,0.95,0.87,0.93
99733,0.98,1,0.99,0.96,0.89,1,0.74,0.99,0.98,0.98,0.99,0.99
99787,0.93,0.94,0.92,0.96,0.97,0.94,0.96,0.97,0.98,0.93,0.93,0.98
100152,0.96,0.96,0.96,0.92,0.96,0.95,0.96,0.97,0.96,0.97,0.97,0.96
100154,0.9,0.9,0.88,0.81,0.93,0.88,0.88,0.87,0.81,0.93,0.86,0.89
100406,0.88,0.9,0.89,0.88,0.91,0.87,0.89,0.9,0.88,0.91,0.9,0.9
100415,0.9,0.89,0.89,0.85,0.89,0.87,0.89,0.88,0.89,0.9,0.88,0.89
100933,0.9,0.94,0.97,0.92,0.94,0.94,0.92,0.92,0.98,0.96,0.92,0.95
101309,0.85,0.89,0.9,0.84,0.8,0.86,0.88,0.88,0.89,0.87,0.88,0.85
101320,0.88,0.86,0.88,0.88,0.86,0.89,0.86,0.92,0.9,0.89,0.9,0.88
101377,0.9,0.91,0.9,0.89,0.96,0.9,0.91,0.93,0.91,0.93,0.92,0.92
101447,0.87,0.92,0.88,0.88,0.97,0.9,0.92,0.93,0.94,0.93,0.94,0.91
101551,0.88,0.91,0.93,0.89,0.92,0.9,0.89,0.89,0.92,0.84,0.86,0.82
101656,0.92,0.91,0.92,0.84,0.93,0.88,0.84,0.93,0.94,0.91,0.93,0.91
102414,0.92,0.93,0.91,0.93,0.97,0.95,0.95,0.97,0.95,0.95,0.94,0.96
102710,0.9,0.91,0.9,0.88,0.9,0.88,0.9,0.91,0.91,0.92,0.91,0.9
103532,0.89,0.89,0.89,0.86,0.9,0.88,0.88,0.89,0.88,0.89,0.88,0.89
104159,1,1,1,1,1,1,1,1,1,1,1,1
104729,1,1,0.99,0.98,1,0.99,1,0.99,1,0.99,1,1
104874,0.89,0.88,0.89,0.88,0.46,0.87,0.89,0.88,0.89,0.9,0.88,0.89
105748,0.89,0.87,0.89,0.86,0.9,0.88,0.74,0.88,0.92,0.92,0.89,0.88
105768,0.94,0.94,0.94,0.94,0.94,0.95,0.93,0.95,0.96,0.95,0.95,0.94
105986,0.98,0.96,0.98,0.93,0.98,0.96,0.96,0.98,0.98,0.97,0.97,0.95
105994,0.78,0.88,0.86,0.81,0.87,0.85,0.88,0.86,0.9,0.91,0.9,0.9
106403,0.9,0.87,0.91,0.84,0.51,0.88,0.89,0.9,0.87,0.9,0.89,0.89
106521,0.9,0.9,0.89,0.84,0.9,0.88,0.89,0.91,0.89,0.91,0.91,0.9
107080,0.92,0.61,0.94,0.86,0.95,0.93,0.91,0.94,0.94,0.95,0.94,0.95
107671,0.88,0.86,0.87,0.84,0.56,0.87,0.88,0.89,0.89,0.9,0.86,0.85
108384,0.9,0.91,0.89,0.89,0.91,0.89,0.88,0.92,0.91,0.91,0.92,0.89
108855,0.98,0.99,0.98,0.96,0.99,0.98,0.98,0.99,0.99,0.99,0.99,0.98
109183,0.1,0.09,0.12,0.1,0.2,0.1,0.09,0.1,0.09,0.1,0.09,0.09
109370,0.9,0.97,0.9,0.89,0.95,0.9,0.97,0.98,0.97,0.94,0.94,0.89
109609,0.86,0.86,0.87,0.79,0.88,0.87,0.87,0.86,0.87,0.85,0.86,0.87
109826,1,1,1,0.92,1,0.97,0.99,1,1,1,1,1
110137,0.95,0.96,0.92,0.94,0.97,0.97,0.97,0.97,0.97,0.96,0.98,0.95
110540,0.96,0.96,0.95,0.94,0.8,0.94,0.97,0.98,0.96,0.92,0.98,0.97
110613,0.88,0.88,0.86,0.79,0.89,0.82,0.88,0.9,0.89,0.92,0.88,0.89
112044,1,1,1,0.97,1,0.99,0.99,1,1,1,1,0.99
112209,0.04,0.06,0.1,0.07,0.06,0.08,0.05,0.08,0.13,0.04,0.09,0.05
112474,1,1,1,0.95,1,0.98,1,1,1,1,1,1
112577,0.9,0.9,0.85,0.84,0.91,0.88,0.87,0.88,0.85,0.9,0.89,0.91
113131,0.88,0.87,0.87,0.81,0.83,0.85,0.87,0.88,0.87,0.87,0.87,0.87
113245,0.89,0.9,0.91,0.88,0.9,0.92,0.92,0.92,0.93,0.91,0.95,0.88
113442,0.85,0.83,0.85,0.76,0.88,0.83,0.81,0.81,0.77,0.86,0.82,0.84
113493,0.95,0.94,0.94,0.92,0.93,0.94,0.93,0.94,0.96,0.96,0.94,0.94
113597,0.88,0.9,0.92,0.92,0.86,0.92,0.9,0.91,0.9,0.9,0.91,0.87
113802,0.04,0.05,0.05,0.06,0.13,0.06,0.07,0.08,0.11,0.04,0.09,0.04
114222,1,0.99,0.99,0.98,1,1,0.97,0.99,1,0.99,0.99,1
114225,0.88,0.88,0.89,0.81,0.92,0.87,0.87,0.9,0.87,0.9,0.9,0.88
114273,0.94,0.95,0.96,0.87,0.95,0.94,0.89,0.94,0.92,0.96,0.92,0.93
114338,0.98,0.98,0.98,0.95,0.98,0.97,0.98,0.98,0.97,0.97,0.98,0.99
114626,0.91,0.92,0.9,0.86,0.9,0.91,0.9,0.91,0.92,0.89,0.91,0.91
114807,0.9,0.89,0.88,0.83,0.9,0.86,0.89,0.91,0.9,0.91,0.91,0.89
115037,1,1,0.99,0.97,0.99,1,0.99,0.99,0.99,1,0.99,1
115461,0.9,0.89,0.89,0.84,0.9,0.88,0.89,0.91,0.91,0.91,0.9,0.9
115572,0.92,0.91,0.91,0.86,0.9,0.89,0.91,0.9,0.9,0.9,0.91,0.89
116091,0.99,0.99,0.98,0.98,1,0.98,1,0.99,0.99,0.99,0.99,1
116169,0.99,0.99,0.99,0.96,0.98,0.99,0.99,0.99,0.99,0.98,0.99,0.99
116541,0.9,0.62,0.88,0.88,0.88,0.89,0.88,0.92,0.91,0.9,0.88,0.9
116615,1,1,1,0.98,1,0.99,1,0.99,1,0.99,1,0.99
116632,0.86,0.85,0.85,0.74,0.87,0.84,0.85,0.85,0.78,0.86,0.82,0.86
116703,0.04,0.05,0.05,0.08,0.1,0.06,0.06,0.07,0.09,0.04,0.08,0.04
117197,1,1,1,0.96,1,1,0.99,0.99,0.99,1,0.99,1
117639,0.95,0.95,0.96,0.86,0.95,0.93,0.95,0.95,0.94,0.92,0.95,0.95
117668,0.94,0.96,0.95,0.93,0.96,0.95,0.96,0.96,0.97,0.88,0.97,0.96
117676,0.95,0.93,0.96,0.94,0.95,0.96,0.93,0.95,0.93,0.97,0.96,0.94
117979,0.88,0.9,0.88,0.82,0.91,0.85,0.89,0.88,0.88,0.85,0.88,0.9
118450,0.85,0.88,0.88,0.8,0.92,0.86,0.86,0.88,0.86,0.88,0.87,0.84
119222,0.86,0.88,0.88,0.81,0.91,0.86,0.89,0.89,0.89,0.89,0.89,0.89
119329,0.04,0.04,0.04,0.04,0.57,0.07,0.05,0.05,0.05,0.05,0.07,0.09
119576,0.88,0.87,0.86,0.8,0.9,0.85,0.88,0.89,0.87,0.88,0.85,0.87
120122,0.74,0.76,0.73,0.74,0.58,0.77,0.76,0.78,0.8,0.75,0.78,0.76
121075,0.88,0.89,0.89,0.84,0.88,0.88,0.87,0.89,0.9,0.89,0.9,0.89
121487,1,1,1,0.96,1,0.99,1,1,1,1,1,1
121536,0.94,0.93,0.94,0.9,0.94,0.93,0.92,0.95,0.95,0.94,0.94,0.92
121779,0.88,0.92,0.86,0.85,0.84,0.86,0.91,0.91,0.91,0.92,0.92,0.92
121808,0.91,0.9,0.91,0.88,0.93,0.92,0.9,0.89,0.87,0.92,0.91,0.9
121835,0.05,0.04,0.02,0.03,0.74,0.02,0.04,0.09,0.12,0.31,0.08,0.05
121904,1,1,1,0.99,1,0.99,0.99,1,1,1,1,1
122508,0.88,0.89,0.9,0.88,0.9,0.88,0.88,0.89,0.9,0.89,0.9,0.87
123344,0.9,0.48,0.88,0.82,0.87,0.9,0.88,0.9,0.88,0.89,0.9,0.88
123605,0.03,0.06,0.03,0.1,0.14,0.02,0.1,0.08,0.09,0.01,0.07,0.03
124050,0.81,0.86,0.79,0.82,0.91,0.86,0.9,0.88,0.92,0.91,0.92,0.91
124191,1,1,1,1,1,1,0.99,1,1,1,1,1
124301,0.95,0.95,0.94,0.94,0.94,0.96,0.95,0.94,0.95,0.94,0.95,0.95
124313,0.96,0.97,0.97,0.96,0.96,0.95,0.96,0.97,0.97,0.97,0.97,0.96
124481,0.9,0.89,0.91,0.91,0.87,0.9,0.89,0.91,0.92,0.89,0.9,0.87
124739,0.86,0.87,0.85,0.86,0.87,0.84,0.87,0.88,0.88,0.9,0.89,0.88
124960,0.96,0.97,0.96,0.85,0.96,0.9,0.96,0.95,0.96,0.96,0.97,0.98
125133,0.9,0.9,0.89,0.83,0.89,0.88,0.9,0.89,0.9,0.91,0.9,0.89
125699,0.98,0.98,0.99,0.97,0.98,0.98,0.98,0.99,0.99,0.98,0.98,0.98
126036,0.92,0.93,0.92,0.9,0.97,0.91,0.94,0.93,0.93,0.92,0.93,0.94
126283,0.94,0.94,0.95,0.88,0.96,0.94,0.93,0.94,0.91,0.94,0.93,0.95
126324,0.92,0.92,0.92,0.92,0.93,0.93,0.92,0.92,0.92,0.92,0.93,0.91
126445,0.92,0.92,0.91,0.88,0.92,0.9,0.92,0.92,0.93,0.93,0.94,0.91
126456,0.92,0.9,0.92,0.88,0.91,0.91,0.91,0.92,0.91,0.91,0.93,0.92
126513,0.99,0.98,0.99,0.98,0.99,0.98,0.99,1,0.99,0.97,1,1
126925,0.98,1,0.99,0.93,0.99,0.99,0.99,0.99,0.99,0.99,0.99,0.99
126994,0.96,0.97,0.98,0.95,0.98,0.96,0.96,0.98,0.97,0.98,0.98,0.97
127200,0.84,0.49,0.88,0.83,0.92,0.87,0.86,0.87,0.89,0.88,0.92,0.92
127841,0.86,0.9,0.89,0.85,0.9,0.9,0.89,0.9,0.9,0.91,0.92,0.9
127865,0.94,0.9,0.9,0.87,0.88,0.9,0.89,0.94,0.96,0.92,0.93,0.93
128012,0.88,0.49,0.94,0.92,0.98,0.92,0.92,0.95,0.96,0.94,0.85,0.89
128123,0.99,0.99,0.99,0.97,0.99,0.98,0.99,0.99,0.99,0.99,0.99,0.98
128754,0.86,0.88,0.87,0.83,0.88,0.86,0.88,0.88,0.88,0.88,0.88,0.88
128812,0.96,0.97,0.95,0.92,0.96,0.95,0.94,0.98,0.98,0.95,0.97,0.95
129073,0.91,0.91,0.9,0.93,0.88,0.92,0.91,0.93,0.94,0.91,0.94,0.91
129249,0.91,0.52,0.86,0.9,0.92,0.7,0.88,0.91,0.91,0.92,0.87,0.91
129476,0.96,0.97,0.96,0.95,0.97,0.96,0.96,0.96,0.95,0.98,0.96,0.96
129514,1,1,1,0.99,1,1,1,1,1,1,1,1
129781,0.84,0.84,0.84,0.8,0.44,0.81,0.83,0.82,0.79,0.61,0.8,0.84
129981,0.9,0.9,0.83,0.88,0.91,0.88,0.91,0.91,0.92,0.92,0.9,0.9
130181,0.86,0.87,0.88,0.8,0.88,0.87,0.85,0.87,0.84,0.87,0.85,0.87
130715,0.98,0.98,0.99,0.92,0.99,0.98,0.98,0.98,0.98,0.99,0.97,0.98
130757,0.03,0.03,0.03,0.04,0.05,0.04,0.03,0.04,0.04,0.03,0.04,0.02
131294,0.94,0.94,0.93,0.92,0.95,0.93,0.95,0.96,0.95,0.92,0.95,0.93
131416,0.86,0.88,0.91,0.84,0.92,0.87,0.85,0.91,0.89,0.92,0.88,0.86
131842,0.92,0.92,0.93,0.88,0.93,0.92,0.89,0.93,0.92,0.94,0.92,0.92
131933,0.92,0.93,0.92,0.86,0.91,0.91,0.92,0.94,0.92,0.93,0.91,0.92
132098,1,1,1,1,1,1,1,1,1,1,1,1
132111,0.92,0.92,0.91,0.89,0.92,0.9,0.93,0.91,0.92,0.92,0.92,0.91
132165,0.91,0.9,0.91,0.88,0.89,0.91,0.92,0.93,0.92,0.92,0.92,0.9
132308,0.86,0.86,0.87,0.85,0.87,0.88,0.86,0.88,0.88,0.86,0.9,0.87
132413,0.99,1,0.99,0.99,1,0.99,0.99,0.99,1,1,0.99,0.99
132638,0.8,0.81,0.8,0.78,0.85,0.81,0.8,0.82,0.82,0.82,0.82,0.82
133138,0.96,0.94,0.95,0.87,0.97,0.94,0.95,0.94,0.9,0.96,0.92,0.95
133176,0.92,0.91,0.9,0.86,0.93,0.91,0.9,0.91,0.91,0.92,0.91,0.9
133188,0.84,0.85,0.84,0.76,0.82,0.82,0.83,0.84,0.83,0.85,0.84,0.84
133413,0.08,0.07,0.07,0.07,0.08,0.08,0.07,0.08,0.08,0.07,0.07,0.07
133777,0.86,0.85,0.84,0.85,0.87,0.84,0.85,0.85,0.86,0.84,0.85,0.84
135205,0,0,0,0.01,0.01,0,0.01,0,0,0,0,0.01
135401,1,1,1,0.99,1,1,1,1,1,1,1,1
135805,0.94,0.92,0.93,0.85,0.94,0.92,0.93,0.94,0.91,0.95,0.93,0.93
137077,0.82,0.83,0.8,0.72,0.83,0.78,0.84,0.83,0.81,0.83,0.82,0.81
137419,0.99,1,0.99,0.96,0.99,0.97,0.99,0.99,0.99,1,0.99,1
137482,0.98,0.98,0.98,0.98,0.98,0.98,0.99,0.98,0.98,0.97,0.98,0.98
137493,0.88,0.88,0.89,0.84,0.51,0.87,0.89,0.89,0.86,0.82,0.9,0.87
138691,0.9,0.9,0.91,0.87,0.61,0.88,0.89,0.9,0.87,0.83,0.91,0.9
139097,1,1,1,0.98,1,1,0.99,0.99,1,1,0.99,0.99
139146,1,0.96,0.96,0.98,0.3,0.99,0.88,0.98,0.99,0.91,0.97,0.97
139412,0.99,0.99,0.98,0.96,0.99,0.98,0.99,0.99,0.99,0.99,0.99,0.99
139473,0.92,0.92,0.92,0.9,0.92,0.91,0.91,0.92,0.93,0.92,0.92,0.91
139802,0.98,0.98,0.98,0.95,0.99,0.96,0.98,0.99,0.99,0.98,0.98,0.99
139889,0.91,0.92,0.9,0.9,0.89,0.91,0.9,0.93,0.91,0.92,0.92,0.92
140116,0.92,0.92,0.9,0.85,0.91,0.93,0.91,0.92,0.91,0.91,0.91,0.91
140123,0.81,0.8,0.79,0.8,0.71,0.79,0.81,0.83,0.81,0.82,0.81,0.8
140198,0.87,0.87,0.87,0.84,0.46,0.89,0.87,0.89,0.89,0.69,0.88,0.86
140344,0.92,0.92,0.92,0.92,0.91,0.92,0.91,0.93,0.94,0.9,0.95,0.92
140659,0.92,0.92,0.93,0.9,0.93,0.89,0.93,0.93,0.93,0.94,0.92,0.93
140695,0.89,0.82,0.89,0.84,0.93,0.83,0.89,0.86,0.82,0.89,0.88,0.89
140730,0.88,0.88,0.88,0.63,0.91,0.84,0.87,0.87,0.91,0.86,0.87,0.91
141388,0.94,0.92,0.94,0.91,0.9,0.91,0.92,0.93,0.95,0.92,0.94,0.93
142021,0.94,0.95,0.94,0.92,0.94,0.95,0.95,0.96,0.96,0.96,0.96,0.94
142364,1,1,1,0.96,1,1,1,1,1,1,1,1
142473,1,1,1,1,1,1,1,1,1,1,1,1
142595,0.88,0.87,0.88,0.86,0.87,0.87,0.89,0.88,0.9,0.9,0.89,0.87
147086,0.04,0.05,0.04,0.04,0.07,0.05,0.05,0.05,0.06,0.05,0.05,0.06
147172,0.06,0.06,0.07,0.06,0.14,0.06,0.07,0.08,0.07,0.08,0.07,0.06
152196,0.02,0.04,0.03,0.04,0.01,0.02,0.04,0.04,0.09,0.01,0.08,0.03
162470,0.08,0.08,0.08,0.08,0.69,0.1,0.09,0.08,0.1,0.08,0.1,0.09
176862,0.06,0.06,0.06,0.06,0.07,0.06,0.08,0.07,0.08,0.06,0.06,0.05
178992,0.01,0.01,0.01,0.01,0.5,0.01,0.07,0,0.01,0.02,0.04,0.21
179015,0.05,0.04,0.04,0.04,0.04,0.04,0.04,0.05,0.04,0.04,0.05,0.03
181670,0.01,0.01,0.01,0.01,0.01,0,0.01,0.02,0.03,0.01,0.05,0.01
186124,0.06,0.06,0.06,0.06,0.12,0.07,0.07,0.06,0.06,0.06,0.05,0.06
190110,0.12,0.11,0.12,0.09,0.11,0.11,0.13,0.13,0.11,0.13,0.12,0.12
198687,0.11,0.09,0.1,0.09,0.09,0.08,0.1,0.11,0.1,0.09,0.11,0.08
199655,0.04,0.04,0.04,0.03,0.03,0.04,0.04,0.03,0.05,0.04,0.03,0.04
218801,0.09,0.1,0.08,0.14,0.14,0.1,0.13,0.15,0.23,0.09,0.17,0.12
224083,0.04,0.04,0.03,0.04,0.04,0.04,0.04,0.04,0.04,0.04,0.03,0.03
231623,0.08,0.08,0.1,0.06,0.08,0.08,0.08,0.09,0.09,0.1,0.08,0.07
238778,0.06,0.07,0.07,0.06,0.09,0.07,0.06,0.08,0.07,0.07,0.06,0.06
242560,0,0,0,0.01,0.01,0,0,0.01,0.07,0,0.04,0.01
242677,0.01,0.01,0.01,0.01,0.01,0,0.01,0.01,0.01,0.01,0.01,0
247008,0.02,0.02,0.01,0.03,0.03,0.01,0.03,0.03,0.15,0.01,0.1,0.02
250847,0.05,0.04,0.05,0.06,0.04,0.05,0.05,0.05,0.05,0.05,0.05,0.05
251176,0.11,0.08,0.1,0.11,0.16,0.1,0.12,0.18,0.26,0.13,0.23,0.06
253242,0.34,0.4,0.36,0.39,0.4,0.38,0.36,0.37,0.4,0.4,0.39,0.37
253306,0.04,0.04,0.04,0.06,0.2,0.04,0.04,0.03,0.04,0.03,0.04,0.04
254827,0.06,0.09,0.05,0.08,0.61,0.09,0.06,0.1,0.1,0.07,0.08,0.09
267139,0.07,0.06,0.06,0.07,0.15,0.07,0.06,0.06,0.13,0.07,0.11,0.07
276362,0.1,0.11,0.14,0.13,0.1,0.13,0.11,0.13,0.25,0.11,0.2,0.09
276720,0,0,0,0,0.01,0,0,0,0.01,0,0.01,0.01
279088,0.15,0.15,0.16,0.15,0.15,0.14,0.15,0.15,0.15,0.13,0.16,0.15
286075,0.02,0.01,0.03,0.02,0.25,0.04,0.02,0.01,0.06,0.02,0.04,0.02
294413,0.07,0.07,0.06,0.09,0.03,0.05,0.08,0.07,0.18,0.03,0.15,0.05
294914,0.16,0.18,0.14,0.26,0.14,0.13,0.21,0.28,0.43,0.12,0.37,0.09
300933,0.05,0.06,0.04,0.06,0.08,0.03,0.07,0.08,0.15,0.03,0.15,0.06
302735,0.08,0.16,0.07,0.08,0.77,0.08,0.07,0.09,0.08,0.18,0.11,0.14
304892,0.06,0.05,0.04,0.04,0.05,0.04,0.05,0.06,0.07,0.04,0.06,0.04
306238,0.06,0.06,0.05,0.06,0.09,0.05,0.07,0.07,0.08,0.08,0.06,0.06
309873,0.08,0.08,0.08,0.08,0.08,0.07,0.08,0.08,0.08,0.08,0.08,0.08
315835,0.04,0.04,0.03,0.06,0.08,0.04,0.05,0.05,0.07,0.03,0.07,0.04
320017,0.09,0.1,0.07,0.08,0.1,0.09,0.11,0.14,0.15,0.12,0.13,0.14
320329,0.08,0.13,0.1,0.21,0.1,0.15,0.17,0.17,0.39,0.08,0.4,0.11
324001,0.11,0.11,0.13,0.11,0.12,0.11,0.11,0.14,0.19,0.13,0.17,0.11
325869,0.08,0.08,0.08,0.07,0.07,0.09,0.08,0.09,0.07,0.09,0.08,0.08
328895,0.06,0.03,0.02,0.01,0.04,0.02,0.07,0.05,0.03,0.04,0.03,0.02
344732,0.13,0.16,0.32,0.17,0.13,0.16,0.12,0.17,0.19,0.12,0.2,0.16
346555,0.06,0.07,0.07,0.07,0.05,0.07,0.07,0.08,0.07,0.07,0.07,0.06
351456,0.04,0.04,0.04,0.04,0.04,0.04,0.04,0.04,0.05,0.04,0.05,0.04
359056,0.12,0.12,0.14,0.4,0.13,0.17,0.14,0.23,0.2,0.1,0.15,0.08
359479,0.02,0.02,0.01,0.02,0.02,0.01,0.02,0.01,0.1,0.02,0.06,0.02
361430,0.05,0.05,0.03,0.04,0.03,0.04,0.04,0.04,0.04,0.03,0.04,0.04
364795,0,0,0,0,0,0,0,0,0,0.01,0,0
370059,0,0,0,0,0,0,0,0,0,0,0,0
383333,0.04,0.03,0.03,0.04,0.54,0.06,0.04,0.04,0.04,0.03,0.05,0.06
385606,0.03,0.03,0.02,0.03,0.02,0.03,0.02,0.02,0.03,0.02,0.03,0.03
389766,0,0,0,0,0,0,0.01,0.01,0.01,0,0.02,0
391044,0.03,0.03,0.04,0.04,0.05,0.04,0.05,0.04,0.04,0.04,0.05,0.04
395569,0.03,0.02,0.01,0.03,0.01,0.02,0.02,0.02,0.03,0.02,0.02,0.02
396558,0.04,0.04,0.04,0.04,0.05,0.03,0.05,0.04,0.03,0.04,0.03,0.03
403993,0.17,0.17,0.16,0.15,0.18,0.2,0.18,0.19,0.19,0.16,0.18,0.15
408065,0.08,0.08,0.08,0.1,0.07,0.08,0.1,0.13,0.13,0.12,0.11,0.07
411669,0.17,0.15,0.17,0.19,0.2,0.14,0.2,0.24,0.36,0.18,0.31,0.11
411848,0.09,0.09,0.08,0.08,0.11,0.08,0.08,0.09,0.09,0.09,0.08,0.08
417810,0.05,0.05,0.05,0.05,0.29,0.07,0.05,0.06,0.06,0.05,0.07,0.06
429772,0.2,0.17,0.21,0.38,0.16,0.28,0.23,0.29,0.25,0.17,0.2,0.13
436800,0.06,0.05,0.05,0.06,0.06,0.06,0.05,0.07,0.07,0.06,0.06,0.06
440577,0.06,0.08,0.07,0.09,0.22,0.07,0.1,0.12,0.14,0.05,0.1,0.06
448792,0.09,0.09,0.07,0.1,0.09,0.13,0.09,0.09,0.18,0.07,0.2,0.09
450735,0.07,0.11,0.08,0.08,0.16,0.11,0.09,0.11,0.06,0.15,0.1,0.12
452742,0.03,0,0.01,0,0.01,0.01,0.01,0.01,0.01,0.02,0.01,0.01
462187,0.02,0.01,0.01,0.01,0.01,0.01,0.01,0.01,0.02,0.01,0.02,0.01
